id	coordinationName	modelName	genre	brand	color	rarity	watcha	category	subCategory	sealId	collection	release	icon	kinds	directoryNumber	isShow	hasMainImage	span	isShowItem	order	chapter	
1	おとめマーガレット	SPCW20002_T01A	3	1	2	3	600	1	16	PM1-001	1	0	0	章コーデ	1	True	True	2021年10月1日（金）～2021年12月1日（水） 	True	1	P01	
2	おとめマーガレット	SPCW20002_B01A	3	1	2	3	600	3	8	PM1-002	1	0	0		1	True	True		True		P01	
3	おとめマーガレット	SPCW20002_P01A	3	1	3	3	550	4	6	PM1-003	1	0	0		1	True	True		True		P01	
4	おとめマーガレット	SPCW20002_I01A	3	1	2	3	550	5	2	PM1-004	1	0	0		1	True	True		True		P01	
5	おとめマーガレットブルー	SPCW20005_T01A	3	1	7	3	600	1	6	PM1-005	1	0	0	章コーデ	2	True	True	2021年10月1日（金）～2021年12月1日（水） 	True	2	P01	
6	おとめマーガレットブルー	SPCW20005_B01A	3	1	7	3	600	3	2	PM1-006	1	0	0		2	True	True		True		P01	
7	おとめマーガレットブルー	SPCW20005_P01A	3	1	7	3	550	4	5	PM1-007	1	0	0		2	True	True		True		P01	
8	おとめマーガレットブルー	SPCW20005_I01A	3	1	7	3	550	5	16	PM1-008	1	0	0		2	True	True		True		P01	
9	スパークスター	SPCW20001_D01A	3	2	11	3	1200	2	13	PM1-009	1	0	0	章コーデ	3	True	True	2021年10月1日（金）～2021年12月1日（水） 	True	3	P01	
10	スパークスター	SPCW20001_P01A	3	2	9	3	550	4	3	PM1-010	1	0	0		3	True	True		True		P01	
11	スパークスター	SPCW20001_I01A	3	2	7	3	550	5	14	PM1-011	1	0	0		3	True	True		True		P01	
145	スパークスターブルー	SPCW20007_D01A	3	2	10	3	1200	2	3	PM1-012	1	2	0	章コーデ	4	True	True	2021年10月1日（金）～2021年12月1日（水） 	True	4	P01	
146	スパークスターブルー	SPCW20007_P01A	3	2	10	3	550	4	14	PM1-013	1	2	0		4	True	True		True		P01	
147	スパークスターブルー	SPCW20007_I01A	3	2	8	3	550	5	13	PM1-014	1	2	0		4	True	True		True		P01	
12	ハートバルーン	SPCW10004_T01A	3	1	3	2	500	1	16	PM1-015	1	0	0	章コーデ	5	True	True	2021年10月1日（金）～2021年12月1日（水） 	True	5	P01	
13	ハートバルーン	SPCW10004_B01A	3	1	6	2	500	3	6	PM1-016	1	0	0		5	True	True		True		P01	
14	ハートバルーン	SPCW10004_P01A	3	1	3	2	450	4	4	PM1-017	1	0	0		5	True	True		True		P01	
15	ハートバルーン	SPCW10004_I01A	3	1	3	2	450	5	8	PM1-018	1	0	0		5	True	True		True		P01	
16	ハートバルーンオレンジ	SPCW10084_T01A	3	1	4	2	500	1	6	PM1-019	1	0	0	章コーデ	6	True	True	2021年10月1日（金）～2021年12月1日（水） 	True	6	P01	
17	ハートバルーンオレンジ	SPCW10084_B01A	3	1	5	2	500	3	4	PM1-020	1	0	0		6	True	True		True		P01	
18	ハートバルーンオレンジ	SPCW10084_P01A	3	1	6	2	450	4	16	PM1-021	1	0	0		6	True	True		True		P01	
19	ハートバルーンオレンジ	SPCW10084_I01A	3	1	4	2	450	5	5	PM1-022	1	0	0		6	True	True		True		P01	
28	ハロウィンフリル	SPCW10010_T01A	3	1	2	2	500	1	10	PM1-023	1	2	0	章コーデ	7	True	True	2021年10月1日（金）～2021年12月1日（水） 	True	7	P01	
29	ハロウィンフリル	SPCW10010_B01A	3	1	2	2	500	3	15	PM1-024	1	2	0		7	True	True		True		P01	
30	ハロウィンフリル	SPCW10010_P01A	3	1	2	2	450	4	9	PM1-025	1	2	0		7	True	True		True		P01	
31	ハロウィンフリル	SPCW10010_I01A	3	1	10	2	450	5	2	PM1-026	1	2	0		7	True	True		True		P01	
32	ハロウィンフリルブルー	SPCW10056_T01A	3	1	7	2	500	1	5	PM1-027	1	2	0	章コーデ	8	True	True	2021年10月1日（金）～2021年12月1日（水） 	True	8	P01	
33	ハロウィンフリルブルー	SPCW10056_B01A	3	1	7	2	500	3	9	PM1-028	1	2	0		8	True	True		True		P01	
34	ハロウィンフリルブルー	SPCW10056_P01A	3	1	7	2	450	4	10	PM1-029	1	2	0		8	True	True		True		P01	
35	ハロウィンフリルブルー	SPCW10056_I01A	3	1	10	2	450	5	15	PM1-030	1	2	0		8	True	True		True		P01	
36	フルーツパフェ	SPCW10016_T01A	3	1	5	2	500	1	17	PM1-031	1	2	0	章コーデ	9	True	True	2021年10月1日（金）～2021年12月1日（水） 	True	9	P01	
37	フルーツパフェ	SPCW10016_B01A	3	1	5	2	500	3	16	PM1-032	1	2	0		9	True	True		True		P01	
38	フルーツパフェ	SPCW10016_P01A	3	1	5	2	450	4	6	PM1-033	1	2	0		9	True	True		True		P01	
39	フルーツパフェ	SPCW10016_I01A	3	1	4	2	450	5	4	PM1-034	1	2	0		9	True	True		True		P01	
40	フルーツパフェピンク	SPCW10058_T01A	3	1	3	2	500	1	6	PM1-035	1	2	0	章コーデ	10	True	True	2021年10月1日（金）～2021年12月1日（水） 	True	10	P01	
41	フルーツパフェピンク	SPCW10058_B01A	3	1	3	2	500	3	8	PM1-036	1	2	0		10	True	True		True		P01	
42	フルーツパフェピンク	SPCW10058_P01A	3	1	3	2	450	4	4	PM1-037	1	2	0		10	True	True		True		P01	
43	フルーツパフェピンク	SPCW10058_I01A	3	1	3	2	450	5	17	PM1-038	1	2	0		10	True	True		True		P01	
20	ヒップホップ	SPCW10017_T01A	3	2	8	2	500	1	13	PM1-039	1	0	0	章コーデ	11	True	True	2021年10月1日（金）～2021年12月1日（水） 	True	11	P01	
21	ヒップホップ	SPCW10017_B01A	3	2	8	2	500	3	12	PM1-040	1	0	0		11	True	True		True		P01	
22	ヒップホップ	SPCW10017_P01A	3	2	11	2	450	4	18	PM1-041	1	0	0		11	True	True		True		P01	
23	ヒップホップ	SPCW10017_I01A	3	2	5	2	450	5	14	PM1-042	1	0	0		11	True	True		True		P01	
24	ヒップホップパープル	SPCW10055_T01A	3	2	9	2	500	1	14	PM1-043	1	0	0	章コーデ	12	True	True	2021年10月1日（金）～2021年12月1日（水） 	True	12	P01	
25	ヒップホップパープル	SPCW10055_B01A	3	2	9	2	500	3	13	PM1-044	1	0	0		12	True	True		True		P01	
26	ヒップホップパープル	SPCW10055_P01A	3	2	11	2	450	4	12	PM1-045	1	0	0		12	True	True		True		P01	
27	ヒップホップパープル	SPCW10055_I01A	3	2	6	2	450	5	18	PM1-046	1	0	0		12	True	True		True		P01	
52	ネオンチェッカー	SPCW10013_T01A	3	2	6	2	500	1	12	PM1-047	1	2	0	章コーデ	13	True	True	2021年10月1日（金）～2021年12月1日（水） 	True	13	P01	
53	ネオンチェッカー	SPCW10013_B01A	3	2	11	2	500	3	18	PM1-048	1	2	0		13	True	True		True		P01	
54	ネオンチェッカー	SPCW10013_P01A	3	2	3	2	450	4	13	PM1-049	1	2	0		13	True	True		True		P01	
55	ネオンチェッカー	SPCW10013_I01A	3	2	3	2	450	5	9	PM1-050	1	2	0		13	True	True		True		P01	
148	ネオンチェッカースカイ	SPCW10071_T01A	3	2	7	2	500	1	13	PM1-051	1	2	0	章コーデ	14	True	True	2021年10月1日（金）～2021年12月1日（水） 	True	14	P01	
149	ネオンチェッカースカイ	SPCW10071_B01A	3	2	8	2	500	3	12	PM1-052	1	2	0		14	True	True		True		P01	
150	ネオンチェッカースカイ	SPCW10071_P01A	3	2	11	2	450	4	9	PM1-053	1	2	0		14	True	True		True		P01	
151	ネオンチェッカースカイ	SPCW10071_I01A	3	2	7	2	450	5	18	PM1-054	1	2	0		14	True	True		True		P01	
76	コスメティック	SPCW10008_T01A	3	1	11	1	400	1	4	PM1-055	1	2	0	章コーデ	15	True	True	2021年10月1日（金）～2021年12月1日（水） 	True	15	P01	
77	コスメティック	SPCW10008_B01A	3	1	3	1	400	3	11	PM1-056	1	2	0		15	True	True		True		P01	
78	コスメティック	SPCW10008_P01A	3	1	3	1	350	4	6	PM1-057	1	2	0		15	True	True		True		P01	
79	コスメティック	SPCW10008_I01A	3	1	9	1	350	5	16	PM1-058	1	2	0		15	True	True		True		P01	
44	レースヒーロー	SPCW10023_T01A	3	2	11	1	400	1	12	PM1-059	1	2	0	章コーデ	16	True	True	2021年10月1日（金）～2021年12月1日（水） 	True	16	P01	
45	レースヒーロー	SPCW10023_B01A	3	2	2	1	400	3	14	PM1-060	1	2	0		16	True	True		True		P01	
46	レースヒーロー	SPCW10023_P01A	3	2	7	1	350	4	13	PM1-061	1	2	0		16	True	True		True		P01	
47	レースヒーロー	SPCW10023_I01A	3	2	2	1	350	5	18	PM1-062	1	2	0		16	True	True		True		P01	
64	プリマジチェックピンク	SPCW10001_T01A	2	8	3	1	400	1	7	PM1-063	1	2	0	章コーデ	17	True	True	2021年10月1日（金）～2021年12月1日（水） 	True	17	P01	
65	プリマジチェックピンク	SPCW10001_B01A	2	8	3	1	400	3	6	PM1-064	1	2	0		17	True	True		True		P01	
66	プリマジチェックピンク	SPCW10001_P01A	2	8	3	1	350	4	8	PM1-065	1	2	0		17	True	True		True		P01	
67	プリマジチェックピンク	SPCW10001_I01A	2	8	3	1	350	5	5	PM1-066	1	2	0		17	True	True		True		P01	
68	プリマジチェックオレンジ	SPCW10002_T01A	2	8	4	1	400	1	6	PM1-067	1	2	0	章コーデ	18	True	True	2021年10月1日（金）～2021年12月1日（水） 	True	18	P01	
69	プリマジチェックオレンジ	SPCW10002_B01A	2	8	4	1	400	3	14	PM1-068	1	2	0		18	True	True		True		P01	
70	プリマジチェックオレンジ	SPCW10002_P01A	2	8	4	1	350	4	7	PM1-069	1	2	0		18	True	True		True		P01	
71	プリマジチェックオレンジ	SPCW10002_I01A	2	8	4	1	350	5	8	PM1-070	1	2	0		18	True	True		True		P01	
90	ガーリーデニム	SPCW10088_T01A	1	1	3	1	400	1	5	PM1-071	1	2	0	章コーデ	19	True	True	2021年10月1日（金）～2021年12月1日（水） 	True	19	P01	
91	ガーリーデニム	SPCW10005_B01A	1	1	7	1	400	3	6	PM1-072	1	2	0		19	True	True		True		P01	
92	ガーリーデニム	SPCW10005_P01A	1	1	3	1	350	4	18	PM1-073	1	2	0		19	True	True		True		P01	
93	ガーリーデニム	SPCW10005_I01A	1	1	5	1	350	5	16	PM1-074	1	2	0		19	True	True		True		P01	
56	げんきチェック	SPCW10009_T01A	1	1	11	1	400	1	14	PM1-075	1	2	0	章コーデ	20	True	True	2021年10月1日（金）～2021年12月1日（水） 	True	20	P01	
57	げんきチェック	SPCW10009_B01A	1	1	9	1	400	3	7	PM1-076	1	2	0		20	True	True		True		P01	
58	げんきチェック	SPCW10009_P01A	1	1	9	1	350	4	8	PM1-077	1	2	0		20	True	True		True		P01	
59	げんきチェック	SPCW10009_I01A	1	1	9	1	350	5	12	PM1-078	1	2	0		20	True	True		True		P01	
94	プチパール	SPCW10014_T01A	1	1	3	1	400	1	5	PM1-079	1	2	0	章コーデ	21	True	True	2021年10月1日（金）～2021年12月1日（水） 	True	21	P01	
95	プチパール	SPCW10014_B01A	1	1	10	1	400	3	15	PM1-080	1	2	0		21	True	True		True		P01	
96	プチパール	SPCW10014_P01A	1	1	3	1	350	4	16	PM1-081	1	2	0		21	True	True		True		P01	
97	プチパール	SPCW10014_I01A	1	1	3	1	350	5	11	PM1-082	1	2	0		21	True	True		True		P01	
106	ギンガムジャンパー	SPCW10006_T01A	1	1	7	1	400	1	5	PM1-083	1	2	0	章コーデ	22	True	True	2021年10月1日（金）～2021年12月1日（水） 	True	22	P01	
107	ギンガムジャンパー	SPCW10006_B01A	1	1	7	1	400	3	18	PM1-084	1	2	0		22	True	True		True		P01	
108	ギンガムジャンパー	SPCW10006_P01A	1	1	7	1	350	4	11	PM1-085	1	2	0		22	True	True		True		P01	
109	ギンガムジャンパー	SPCW10006_I01A	1	1	11	1	350	5	6	PM1-086	1	2	0		22	True	True		True		P01	
110	フレッシュフラワー	SPCW10022_T01A	1	1	5	1	400	1	8	PM1-087	1	2	0	章コーデ	23	True	True	2021年10月1日（金）～2021年12月1日（水） 	True	23	P01	
111	フレッシュフラワー	SPCW10022_B01A	1	1	7	1	400	3	16	PM1-088	1	2	0		23	True	True		True		P01	
112	フレッシュフラワー	SPCW10022_P01A	1	1	5	1	350	4	2	PM1-089	1	2	0		23	True	True		True		P01	
113	フレッシュフラワー	SPCW10022_I01A	1	1	5	1	350	5	5	PM1-090	1	2	0		23	True	True		True		P01	
98	アクティブダンス	SPCW10007_T01A	1	2	9	1	400	1	9	PM1-091	1	2	0	章コーデ	24	True	True	2021年10月1日（金）～2021年12月1日（水） 	True	24	P01	
99	アクティブダンス	SPCW10007_B01A	1	2	12	1	400	3	18	PM1-092	1	2	0		24	True	True		True		P01	
100	アクティブダンス	SPCW10007_P01A	1	2	6	1	350	4	12	PM1-093	1	2	0		24	True	True		True		P01	
101	アクティブダンス	SPCW10007_I01A	1	2	6	1	350	5	13	PM1-094	1	2	0		24	True	True		True		P01	
60	ロックレザー	SPCW10011_T01A	1	2	2	1	400	1	18	PM1-095	1	2	0	章コーデ	25	True	True	2021年10月1日（金）～2021年12月1日（水） 	True	25	P01	
61	ロックレザー	SPCW10011_B01A	1	2	8	1	400	3	13	PM1-096	1	2	0		25	True	True		True		P01	
62	ロックレザー	SPCW10011_P01A	1	2	8	1	350	4	15	PM1-097	1	2	0		25	True	True		True		P01	
63	ロックレザー	SPCW10011_I01A	1	2	8	1	350	5	9	PM1-098	1	2	0		25	True	True		True		P01	
80	ストリートライン	SPCW10015_T01A	1	2	4	1	400	1	13	PM1-099	1	2	0	章コーデ	26	True	True	2021年10月1日（金）～2021年12月1日（水） 	True	26	P01	
81	ストリートライン	SPCW10015_B01A	1	2	11	1	400	3	12	PM1-100	1	2	0		26	True	True		True		P01	
82	ストリートライン	SPCW10015_P01A	1	2	11	1	350	4	18	PM1-101	1	2	0		26	True	True		True		P01	
83	ストリートライン	SPCW10015_I01A	1	2	8	1	350	5	14	PM1-102	1	2	0		26	True	True		True		P01	
102	ワッペンデニム	SPCW10020_D01A	1	2	8	1	800	2	18	PM1-103	1	2	0	章コーデ	27	True	True	2021年10月1日（金）～2021年12月1日（水） 	True	27	P01	
103	ワッペンデニム	SPCW10020_P01A	1	2	3	1	350	4	12	PM1-104	1	2	0		27	True	True		True		P01	
104	ワッペンデニム	SPCW10020_I01A	1	2	6	1	350	5	9	PM1-105	1	2	0		27	True	True		True		P01	
105	ワッペンパーカー	SPCW10021_D01A	1	2	8	1	800	2	14	PM1-106	1	2	0	章コーデ	28	True	True	2021年10月1日（金）～2021年12月1日（水） 	True	28	P01	
84	まつりスクール	SPCW10018_D01A	2	8	3	1	800	2	5	PM1-107	1	2	0	章コーデ	29	True	True	2021年10月1日（金）～2021年12月1日（水） 	True	29	P01	
85	まつりスクール	SPCW10018_P01A	2	8	1	1	350	4	16	PM1-108	1	2	0		29	True	True		True		P01	
86	まつりスクール	SPCW10018_I01A	2	8	7	1	350	5	6	PM1-109	1	2	0		29	True	True		True		P01	
87	ひなスクール	SPCW10093_D01A	2	8	5	1	800	2	14	PM1-110	1	2	0	章コーデ	30	True	True	2021年10月1日（金）～2021年12月1日（水） 	True	30	P01	
88	ひなスクール	SPCW10093_P01A	2	8	10	1	350	4	9	PM1-111	1	2	0		30	True	True		True		P01	
89	ひなスクール	SPCW10093_I01A	2	8	7	1	350	5	18	PM1-112	1	2	0		30	True	True		True		P01	
133	げんきチェックグリーン	SPCW10040_T01A	1	1	11	1	400	1	12	PM1-113	1	2	0	スペシャル	31	True	True	2021年10月1日（金）〜2021年10月9日（土）	True	1	P01	
134	げんきチェックグリーン	SPCW10040_B01A	1	1	6	1	400	3	16	PM1-114	1	2	0		31	True	True		True		P01	
135	げんきチェックグリーン	SPCW10040_P01A	1	1	6	1	350	4	5	PM1-115	1	2	0		31	True	True		True		P01	
136	げんきチェックグリーン	SPCW10040_I01A	1	1	6	1	350	5	7	PM1-116	1	2	0		31	True	True		True		P01	
118	ギンガムジャンパーピンク	SPCW10081_T01A	1	1	3	1	400	1	7	PM1-117	1	2	0	スペシャル	32	True	True	2021年10月10日（日）〜2021年10月16日（土）	True	2	P01	
119	ギンガムジャンパーピンク	SPCW10081_B01A	1	1	3	1	400	3	5	PM1-118	1	2	0		32	True	True		True		P01	
120	ギンガムジャンパーピンク	SPCW10081_P01A	1	1	3	1	350	4	4	PM1-119	1	2	0		32	True	True		True		P01	
121	ギンガムジャンパーピンク	SPCW10081_I01A	1	1	11	1	350	5	8	PM1-120	1	2	0		32	True	True		True		P01	
152	ロックレザーグリーン	SPCW10038_T01A	1	2	10	1	400	1	15	PM1-121	1	2	0	スペシャル	33	True	True	2021年10月17日（日）〜2021年10月23日（土）	True	3	P01	
153	ロックレザーグリーン	SPCW10038_B01A	1	2	8	1	400	3	3	PM1-122	1	2	0		33	True	True		True		P01	
154	ロックレザーグリーン	SPCW10038_P01A	1	2	6	1	350	4	18	PM1-123	1	2	0		33	True	True		True		P01	
155	ロックレザーグリーン	SPCW10038_I01A	1	2	6	1	350	5	14	PM1-124	1	2	0		33	True	True		True		P01	
129	プチパールベージュ	SPCW10065_T01A	1	1	11	1	400	1	11	PM1-125	1	2	0	スペシャル	34	True	True	2021年10月24日（日）〜2021年10月30日（土）	True	4	P01	
130	プチパールベージュ	SPCW10065_B01A	1	1	3	1	400	3	8	PM1-126	1	2	0		34	True	True		True		P01	
131	プチパールベージュ	SPCW10065_P01A	1	1	11	1	350	4	5	PM1-127	1	2	0		34	True	True		True		P01	
132	プチパールベージュ	SPCW10065_I01A	1	1	9	1	350	5	16	PM1-128	1	2	0		34	True	True		True		P01	
122	アクティブダンスイエロー	SPCW10085_T01A	1	2	5	1	400	1	18	PM1-129	1	2	0	スペシャル	35	True	True	2021年10月31日（日）〜2021年11月6日（土）	True	5	P01	
123	アクティブダンスイエロー	SPCW10085_B01A	1	2	8	1	400	3	12	PM1-130	1	2	0		35	True	True		True		P01	
124	アクティブダンスイエロー	SPCW10085_P01A	1	2	4	1	350	4	14	PM1-131	1	2	0		35	True	True		True		P01	
125	アクティブダンスイエロー	SPCW10085_I01A	1	2	4	1	350	5	3	PM1-132	1	2	0		35	True	True		True		P01	
156	ストリートラインピンク	SPCW10044_T01A	1	2	3	1	400	1	18	PM1-133	1	2	0	スペシャル	36	True	True	2021年11月7日（日）〜2021年11月13日（土）	True	6	P01	
157	ストリートラインピンク	SPCW10044_B01A	1	2	11	1	400	3	9	PM1-134	1	2	0		36	True	True		True		P01	
158	ストリートラインピンク	SPCW10044_P01A	1	2	11	1	350	4	13	PM1-135	1	2	0		36	True	True		True		P01	
159	ストリートラインピンク	SPCW10044_I01A	1	2	7	1	350	5	3	PM1-136	1	0	0		36	True	True		True		P01	
160	フレッシュフラワーピンク	SPCW10067_T01A	1	1	9	1	400	1	2	PM1-141	1	0	0	スペシャル	37	True	True	2021年11月21日（日）〜2021年11月27日（土）	True	8	P01	
161	フレッシュフラワーピンク	SPCW10067_B01A	1	1	3	1	400	3	5	PM1-142	1	0	0		37	True	True		True		P01	
162	フレッシュフラワーピンク	SPCW10067_P01A	1	1	9	1	350	4	8	PM1-143	1	0	0		37	True	True		True		P01	
163	フレッシュフラワーピンク	SPCW10067_I01A	1	1	9	1	350	5	6	PM1-144	1	0	0		37	True	True		True		P01	
137	ワッペンパーカースカイ	SPCW10070_D01A	1	2	7	1	800	2	12	PM1-145	1	2	0	スペシャル	38	True	True	2021年11月28日（日）〜2021年12月4日（土）	True	9	P01	
138	ワッペンパーカースカイ	SPCW10069_P01A	1	2	6	1	350	4	9	PM1-146	1	2	0		38	True	True		True		P01	
139	ワッペンパーカースカイ	SPCW10069_I01A	1	2	3	1	350	5	14	PM1-147	1	2	0		38	True	True		True		P01	
114	ガーリーデニムスカイ	SPCW10086_T01A	1	1	7	1	400	1	7	PM1-137	1	2	0	スペシャル	39	True	True	2021年11月14日（日）〜2021年11月20日（土）	True	7	P01	
115	ガーリーデニムスカイ	SPCW10086_B01A	1	1	7	1	400	3	16	PM1-138	1	2	0		39	True	True		True		P01	
116	ガーリーデニムスカイ	SPCW10086_P01A	1	1	3	1	350	4	5	PM1-139	1	2	0		39	True	True		True		P01	
117	ガーリーデニムスカイ	SPCW10086_I01A	1	1	7	1	350	5	4	PM1-140	1	2	0		39	True	True		True		P01	
164	フルーツパフェパープル	SPCW10092_T01A	3	1	9	2	500	1	16	PM1-148	1	0	0	期間限定	40	True	True	2021年11月4日（木）〜2021年12年1日（水）	True	1	P01	
165	フルーツパフェパープル	SPCW10092_B01A	3	1	9	2	500	3	4	PM1-149	1	0	0		40	True	True		True		P01	
166	フルーツパフェパープル	SPCW10092_P01A	3	1	9	2	450	4	17	PM1-150	1	0	0		40	True	True		True		P01	
167	フルーツパフェパープル	SPCW10092_I01A	3	1	9	2	450	5	8	PM1-151	1	0	0		40	True	True		True		P01	
20001	ハートバルーンキラキラ	SPCW10053_T01A	3	1	7	2	500	1	4	P-001	2	0	0	プロモ	45	True	True	2021年10月　マクドナルドハッピーセット	True	1	P01	
20002	ハートバルーンフワフワ	SPCW10079_T01A	3	1	5	2	500	1	4	P-002	2	0	0	プロモ	46	True	True	2021年10月　まほうつかいみゃむとHIMAWARIちゃんねる まーちゃん・おーちゃんからのしょうたいじょうキャンペーン！など	True	2	P01	
20003	ハートバルーンキラフワ	SPCW10053_B01A	3	1	3	2	500	3	16	P-003	2	0	0	プロモ	47	True	True	2021年10月　無料体験チケット	True	3	P01	
20004	ハートバルーンキラフワ	SPCW10053_P01A	3	1	5	2	450	4	6	P-004	2	0	0		47	True	True		True		P01	
20005	ハートバルーンキラフワ	SPCW10053_I01A	3	1	9	2	450	5	14	P-005	2	0	0		47	True	True		True		P01	
20014	おとめマーガレットイエロー	SPCW20006_T01A	3	1	5	3	600	1	5	P-006	2	0	0	プロモ	50	True	True	2021年10月　公式ファンブック　第1章	True	4	P01	
20015	おとめマーガレットイエロー	SPCW20006_B01A	3	1	11	3	600	3	6	P-007	2	0	0		50	True	True		True		P01	
20016	おとめマーガレットイエロー	SPCW20006_P01A	3	1	11	3	550	4	2	P-008	2	0	0		50	True	True		True		P01	
20017	おとめマーガレットイエロー	SPCW20006_I01A	3	1	5	3	550	5	8	P-009	2	0	3		50	True	True		True		P01	
20022	ワッペンデニムスカイ	SPCW10069_D01A	1	2	7	1	800	2	13	P-014	2	0	0	プロモ	52	True	True	2021年10月　ぷっちぐみ11月号ふろく	True	7	P01	
20023	ギンガムジャンパーイエロー	SPCW10082_T01A	1	1	11	1	400	1	6	P-027	2	0	0	プロモ	53	True	True	2021年11月　ちゃお・ぷっちぐみ12月号　スペシャルプリマジ	True	8	P01	
20024	ギンガムジャンパーイエロー	SPCW10082_B01A	1	1	5	1	400	3	4	P-028	2	0	0		53	True	True		True		P01	
20025	ギンガムジャンパーイエロー	SPCW10082_P01A	1	1	5	1	350	4	5	P-029	2	0	0		53	True	True		True		P01	
20026	ギンガムジャンパーイエロー	SPCW10082_I01A	1	1	11	1	350	5	16	P-030	2	0	0		53	True	True		True		P01	
20031	ロックレザーレッド	SPCW10039_T01A	1	2	6	1	400	1	13	P-019	2	0	0	プロモ	54	True	True	2021年10月　マイキャラルームガチャ（10月）	True	9	P01	
20032	ロックレザーレッド	SPCW10039_B01A	1	2	11	1	400	3	15	P-020	2	0	0		54	True	True		True		P01	
20033	ロックレザーレッド	SPCW10039_P01A	1	2	2	1	350	4	9	P-021	2	0	0		54	True	True		True		P01	
20034	ロックレザーレッド	SPCW10039_I01A	1	2	2	1	350	5	10	P-022	2	0	0		54	True	True		True		P01	
20035	ガーリーデニムパープル	SPCW10074_T01A	1	1	9	1	400	1	16	P-023	2	0	0	プロモ	55	True	True	2021年10月　マイキャラルームガチャ（11月）	True	10	P01	
20036	ガーリーデニムパープル	SPCW10074_B01A	1	1	5	1	400	3	5	P-024	2	0	0		55	True	True		True		P01	
20037	ガーリーデニムパープル	SPCW10074_P01A	1	1	11	1	350	4	6	P-025	2	0	0		55	True	True		True		P01	
20038	ガーリーデニムパープル	SPCW10074_I01A	1	1	11	1	350	5	11	P-026	2	0	0		55	True	True		True		P01	
20039	ネオンチェッカーピンク	SPCW10072_T01A	3	2	3	2	500	1	14	C-001	2	0	0	プロモ	56	True	True	2021年10月　プリマジコーデカード♪コレクショングミ vol.1	True	11	P01	
20040	ネオンチェッカーピンク	SPCW10072_B01A	3	2	5	2	500	3	13	C-002	2	0	0		56	True	True		True		P01	
20041	ネオンチェッカーピンク	SPCW10072_P01A	3	2	9	2	450	4	18	C-003	2	0	0		56	True	True		True		P01	
20042	ネオンチェッカーピンク	SPCW10072_I01A	3	2	9	2	450	5	12	C-004	2	0	0		56	True	True		True		P01	
20043	ネオンチェッカーブラック	SPCW10073_T01A	3	2	10	2	500	1	9	C-005	2	0	0	プロモ	57	True	True	2021年10月　プリマジコーデカード♪コレクショングミ vol.1	False	14	P01	
20044	ネオンチェッカーブラック	SPCW10073_B01A	3	2	3	2	500	3	14	C-006	2	0	0		57	True	True		False		P01	
20045	フレッシュフラワーオレンジ	SPCW10068_T01A	1	1	4	1	400	1	5	C-007	2	0	0	プロモ	58	True	True	2021年10月　プリマジコーデカード♪コレクショングミ vol.1	True	12	P01	
20046	フレッシュフラワーオレンジ	SPCW10068_B01A	1	1	5	1	400	3	18	C-008	2	0	0		58	True	True		True		P01	
20047	フレッシュフラワーオレンジ	SPCW10068_P01A	1	1	4	1	350	4	6	C-009	2	0	0		58	True	True		True		P01	
20048	フレッシュフラワーオレンジ	SPCW10068_I01A	1	1	4	1	350	5	2	C-010	2	0	0		58	True	True		True		P01	
20049	レースヒーローパープル	SPCW10042_T01A	3	2	11	1	400	1	14	C-011	2	0	0	プロモ	59	True	True	2021年10月　プリマジコーデカード♪コレクショングミ vol.1	True	13	P01	
20050	レースヒーローパープル	SPCW10042_B01A	3	2	9	1	400	3	13	C-012	2	0	0		59	True	True		True		P01	
20051	レースヒーローパープル	SPCW10042_P01A	3	2	7	1	350	4	12	C-013	2	0	0		59	True	True		True		P01	
20052	レースヒーローパープル	SPCW10042_I01A	3	2	9	1	350	5	9	C-014	2	0	0		59	True	True		True		P01	
20057	コスメティックオレンジ	SPCW10064_T01A	3	1	11	1	400	1	8	P-010	2	0	0	プロモ	61	True	True	2021年10月　ちゃお11月号ふろく	True	5	P01	
20058	コスメティックオレンジ	SPCW10064_B01A	3	1	4	1	400	3	6	P-011	2	0	1		61	True	True		True		P01	
20059	コスメティックオレンジ	SPCW10064_P01A	3	1	4	1	350	4	16	P-012	2	0	1		61	True	True		True		P01	
20060	コスメティックオレンジ	SPCW10064_I01A	3	1	5	1	350	5	4	P-013	2	0	1		61	True	True		True		P01	
168	ステンドグラス	SPCW20003_D01A	3	3	10	3	1200	2	4	PM2-001	4	0	0	章コーデ	1	True	True	2021年12月2日（木）〜2022年2月2日（水）	True	1	P02	
169	ステンドグラス	SPCW20003_P01A	3	3	10	3	550	4	11	PM2-002	4	0	0		1	True	True		True		P02	
170	ステンドグラス	SPCW20003_I01A	3	3	10	3	550	5	10	PM2-003	4	0	0		1	True	True		True		P02	
171	ステンドグラスホワイト	SPCW20012_D01A	3	3	11	3	1200	2	10	PM2-004	4	0	0	章コーデ	2	True	True	2021年12月2日（木）〜2022年2月2日（水）	True	2	P02	
172	ステンドグラスホワイト	SPCW20012_P01A	3	3	11	3	550	4	15	PM2-005	4	0	0		2	True	True		True		P02	
173	ステンドグラスホワイト	SPCW20012_I01A	3	3	11	3	550	5	11	PM2-006	4	0	0		2	True	True		True		P02	
174	マナマナみゃむ	SPCW10012_D01A	3	1	7	3	1200	2	14	PM2-007	4	0	0	章コーデ	3	True	True	2021年12月2日（木）〜2022年2月2日（水）	True	3	P02	
175	マナマナみゃむ	SPCW10012_P01A	3	1	11	3	550	4	11	PM2-008	4	0	0		3	True	True		True		P02	
176	マナマナみゃむ	SPCW10012_I01A	3	1	11	3	550	5	6	PM2-009	4	0	0		3	True	True		True		P02	
177	マナマナみゃむピンク	SPCW10124_D01A	3	1	3	3	1200	2	4	PM2-010	4	0	0	章コーデ	4	True	True	2021年12月2日（木）〜2022年2月2日（水）	True	4	P02	
178	マナマナみゃむピンク	SPCW10124_P01A	3	1	11	3	550	4	6	PM2-011	4	0	0		4	True	True		True		P02	
179	マナマナみゃむピンク	SPCW10124_I01A	3	1	11	3	550	5	14	PM2-012	4	0	0		4	True	True		True		P02	
180	ゴシックケープ	SPCW10049_T01A	3	3	8	2	500	1	9	PM2-013	4	0	0	章コーデ	5	True	True	2021年12月2日（木）〜2022年2月2日（水）	True	5	P02	
181	ゴシックケープ	SPCW10049_B01A	3	3	8	2	500	3	15	PM2-014	4	0	0		5	True	True		True		P02	
182	ゴシックケープ	SPCW10049_P01A	3	3	8	2	450	4	5	PM2-015	4	0	0		5	True	True		True		P02	
183	ゴシックケープ	SPCW10049_I01A	3	3	8	2	450	5	10	PM2-016	4	0	0		5	True	True		True		P02	
184	ゴシックケープグリーン	SPCW10049_T01A	3	3	6	2	500	1	10	PM2-017	4	0	0	章コーデ	6	True	True	2021年12月2日（木）〜2022年2月2日（水）	True	6	P02	
185	ゴシックケープグリーン	SPCW10049_B01A	3	3	6	2	500	3	5	PM2-018	4	0	0		6	True	True		True		P02	
186	ゴシックケープグリーン	SPCW10049_P01A	3	3	6	2	450	4	8	PM2-019	4	0	0		6	True	True		True		P02	
187	ゴシックケープグリーン	SPCW10049_I01A	3	3	6	2	450	5	9	PM2-020	4	0	0		6	True	True		True		P02	
188	ムーンライト	SPCW10032_T01A	3	3	9	2	500	1	5	PM2-021	4	0	0	章コーデ	7	True	True	2021年12月2日（木）〜2022年2月2日（水）	True	7	P02	
189	ムーンライト	SPCW10032_B01A	3	3	9	2	500	3	3	PM2-022	4	0	0		7	True	True		True		P02	
190	ムーンライト	SPCW10032_P01A	3	3	9	2	450	4	10	PM2-023	4	0	0		7	True	True		True		P02	
191	ムーンライト	SPCW10032_I01A	3	3	10	2	450	5	15	PM2-024	4	0	0		7	True	True		True		P02	
192	ムーンライトレッド	SPCW10105_T01A	3	3	2	2	500	1	15	PM2-025	4	0	0	章コーデ	8	True	True	2021年12月2日（木）〜2022年2月2日（水）	True	8	P02	
193	ムーンライトレッド	SPCW10105_B01A	3	3	2	2	500	3	5	PM2-026	4	0	0		8	True	True		True		P02	
194	ムーンライトレッド	SPCW10105_P01A	3	3	2	2	450	4	9	PM2-027	4	0	0		8	True	True		True		P02	
195	ムーンライトレッド	SPCW10105_I01A	3	3	10	2	450	5	10	PM2-028	4	0	0		8	True	True		True		P02	
196	ドレッシーピアノ	SPCW10029_D01A	3	3	9	2	1000	2	11	PM2-029	4	0	0	章コーデ	9	True	True	2021年12月2日（木）〜2022年2月2日（水）	True	9	P02	
197	ドレッシーピアノ	SPCW10029_P01A	3	3	9	2	450	4	15	PM2-030	4	0	0		9	True	True		True		P02	
198	ドレッシーピアノ	SPCW10029_I01A	3	3	9	2	450	5	16	PM2-031	4	0	0		9	True	True		True		P02	
199	ドレッシーピアノピンク	SPCW10107_D01A	3	3	3	2	1000	2	16	PM2-032	4	0	0	章コーデ	10	True	True	2021年12月2日（木）〜2022年2月2日（水）	True	10	P02	
200	ドレッシーピアノピンク	SPCW10107_P01A	3	3	3	2	450	4	8	PM2-033	4	0	0		10	True	True		True		P02	
201	ドレッシーピアノピンク	SPCW10107_I01A	3	3	3	2	450	5	15	PM2-034	4	0	0		10	True	True		True		P02	
202	クリスマスベル	SPCW10035_T01A	3	1	2	2	500	1	6	PM2-035	4	0	0	章コーデ	11	True	True	2021年12月2日（木）〜2022年2月2日（水）	True	11	P02	
203	クリスマスベル	SPCW10035_B01A	3	1	2	2	500	3	7	PM2-036	4	0	0		11	True	True		True		P02	
204	クリスマスベル	SPCW10035_P01A	3	1	2	2	450	4	5	PM2-037	4	0	0		11	True	True		True		P02	
205	クリスマスベル	SPCW10035_I01A	3	1	2	2	450	5	16	PM2-038	4	0	0		11	True	True		True		P02	
206	クリスマスベルグリーン	SPCW10106_T01A	3	1	6	2	500	1	16	PM2-039	4	0	0	章コーデ	12	True	True	2021年12月2日（木）〜2022年2月2日（水）	True	12	P02	
207	クリスマスベルグリーン	SPCW10106_B01A	3	1	6	2	500	3	8	PM2-040	4	0	0		12	True	True		True		P02	
208	クリスマスベルグリーン	SPCW10106_P01A	3	1	6	2	450	4	7	PM2-041	4	0	0		12	True	True		True		P02	
209	クリスマスベルグリーン	SPCW10106_I01A	3	1	6	2	450	5	6	PM2-042	4	0	0		12	True	True		True		P02	
210	パステルマカロン	SPCW10027_T01A	3	1	9	2	500	1	5	PM2-043	4	0	0	章コーデ	13	True	True	2021年12月2日（木）〜2022年2月2日（水）	True	13	P02	
211	パステルマカロン	SPCW10027_B01A	3	1	9	2	500	3	17	PM2-044	4	0	0		13	True	True		True		P02	
212	パステルマカロン	SPCW10027_P01A	3	1	9	2	450	4	14	PM2-045	4	0	0		13	True	True		True		P02	
213	パステルマカロン	SPCW10027_I01A	3	1	9	2	450	5	8	PM2-046	4	0	0		13	True	True		True		P02	
214	パステルマカロンオレンジ	SPCW10102_T01A	3	1	4	2	500	1	14	PM2-047	4	0	0	章コーデ	14	True	True	2021年12月2日（木）〜2022年2月2日（水）	True	14	P02	
215	パステルマカロンオレンジ	SPCW10102_B01A	3	1	4	2	500	3	6	PM2-048	4	0	0		14	True	True		True		P02	
216	パステルマカロンオレンジ	SPCW10102_P01A	3	1	4	2	450	4	17	PM2-049	4	0	0		14	True	True		True		P02	
217	パステルマカロンオレンジ	SPCW10102_I01A	3	1	4	2	450	5	16	PM2-050	4	0	0		14	True	True		True		P02	
218	ファイティン	SPCW10060_T01A	3	2	5	1	400	1	12	PM2-051	4	0	0	章コーデ	15	True	True	2021年12月2日（木）〜2022年2月2日（水）	True	15	P02	
219	ファイティン	SPCW10060_B01A	3	2	5	1	400	3	14	PM2-052	4	0	0		15	True	True		True		P02	
220	ファイティン	SPCW10060_P01A	3	2	2	1	350	4	18	PM2-053	4	0	0		15	True	True		True		P02	
221	ファイティン	SPCW10060_I01A	3	2	2	1	350	5	6	PM2-054	4	0	0		15	True	True		True		P02	
222	レオパードダンサー	SPCW10062_T01A	3	2	9	1	400	1	13	PM2-055	4	0	0	章コーデ	16	True	True	2021年12月2日（木）〜2022年2月2日（水）	True	16	P02	
223	レオパードダンサー	SPCW10062_B01A	3	2	10	1	400	3	9	PM2-056	4	0	0		16	True	True		True		P02	
224	レオパードダンサー	SPCW10062_P01A	3	2	13	1	350	4	12	PM2-057	4	0	0		16	True	True		True		P02	
225	レオパードダンサー	SPCW10062_I01A	3	2	9	1	350	5	15	PM2-058	4	0	0		16	True	True		True		P02	
226	アカデミー	SPCW10028_T01A	2	3	1	1	400	1	7	PM2-059	4	0	0	章コーデ	17	True	True	2021年12月2日（木）〜2022年2月2日（水）	True	17	P02	
227	アカデミー	SPCW10028_B01A	2	3	6	1	400	3	6	PM2-060	4	0	0		17	True	True		True		P02	
228	アカデミー	SPCW10028_P01A	2	3	6	1	350	4	5	PM2-061	4	0	0		17	True	True		True		P02	
229	アカデミー	SPCW10028_I01A	2	3	1	1	350	5	18	PM2-062	4	0	0		17	True	True		True		P02	
230	リトルバロン	SPCW10036_T01A	2	3	6	1	400	1	18	PM2-063	4	0	0	章コーデ	18	True	True	2021年12月2日（木）〜2022年2月2日（水）	True	18	P02	
231	リトルバロン	SPCW10036_B01A	2	3	6	1	400	3	13	PM2-064	4	0	0		18	True	True		True		P02	
232	リトルバロン	SPCW10036_P01A	2	3	6	1	350	4	9	PM2-065	4	0	0		18	True	True		True		P02	
233	リトルバロン	SPCW10036_I01A	2	3	6	1	350	5	15	PM2-066	4	0	0		18	True	True		True		P02	
234	レトロガール	SPCW10080_T01A	2	1	7	1	400	1	14	PM2-067	4	0	0	章コーデ	19	True	True	2021年12月2日（木）〜2022年2月2日（水）	True	19	P02	
235	レトロガール	SPCW10080_B01A	2	1	7	1	400	3	5	PM2-068	4	0	0		19	True	True		True		P02	
236	レトロガール	SPCW10080_P01A	2	1	7	1	350	4	6	PM2-069	4	0	0		19	True	True		True		P02	
237	レトロガール	SPCW10080_I01A	2	1	7	1	350	5	16	PM2-070	4	0	0		19	True	True		True		P02	
238	チェックセットアップ	SPCW10030_T01A	2	1	11	1	400	1	7	PM2-071	4	0	0	章コーデ	20	True	True	2021年12月2日（木）〜2022年2月2日（水）	True	20	P02	
239	チェックセットアップ	SPCW10030_B01A	2	1	11	1	400	3	5	PM2-072	4	0	0		20	True	True		True		P02	
240	チェックセットアップ	SPCW10030_P01A	2	1	9	1	350	4	18	PM2-073	4	0	0		20	True	True		True		P02	
241	チェックセットアップ	SPCW10030_I01A	2	1	11	1	350	5	8	PM2-074	4	0	0		20	True	True		True		P02	
242	チェックセットスマート	SPCW10031_B01A	2	1	11	1	400	3	18	PM2-075	4	0	0	章コーデ	21	True	True	2021年12月2日（木）〜2022年2月2日（水）	True	21	P02	
243	プリマジチェックパープル	SPCW10118_T01A	2	8	9	1	400	1	5	PM2-076	4	0	0	章コーデ	22	True	True	2021年12月2日（木）〜2022年2月2日（水）	True	22	P02	
244	プリマジチェックパープル	SPCW10118_B01A	2	8	9	1	400	3	7	PM2-077	4	0	0		22	True	True		True		P02	
245	プリマジチェックパープル	SPCW10118_P01A	2	8	9	1	350	4	10	PM2-078	4	0	0		22	True	True		True		P02	
246	プリマジチェックパープル	SPCW10118_I01A	2	8	9	1	350	5	6	PM2-079	4	0	0		22	True	True		True		P02	
247	ウィンターファー	SPCW10047_T01A	1	3	7	1	400	1	15	PM2-080	4	0	0	章コーデ	23	True	True	2021年12月2日（木）〜2022年2月2日（水）	True	23	P02	
248	ウィンターファー	SPCW10047_B01A	1	3	7	1	400	3	11	PM2-081	4	0	0		23	True	True		True		P02	
249	ウィンターファー	SPCW10047_P01A	1	3	1	1	350	4	6	PM2-082	4	0	0		23	True	True		True		P02	
250	ウィンターファー	SPCW10047_I01A	1	3	11	1	350	5	18	PM2-083	4	0	0		23	True	True		True		P02	
251	クラシックラビット	SPCW10024_D01A	1	3	2	1	800	2	5	PM2-084	4	0	0	章コーデ	24	True	True	2021年12月2日（木）〜2022年2月2日（水）	True	24	P02	
253	クラシックラビット	SPCW10024_P01A	1	3	2	1	350	4	10	PM2-085	4	0	0		24	True	True		True		P02	
254	クラシックラビット	SPCW10024_I01A	1	3	10	1	350	5	19	PM2-086	4	0	0		24	True	True		True		P02	
255	ヴィンテージコート	SPCW10052_T01A	1	3	8	1	400	1	8	PM2-087	4	0	0	章コーデ	25	True	True	2021年12月2日（木）〜2022年2月2日（水）	True	25	P02	
256	ヴィンテージコート	SPCW10052_B01A	1	3	8	1	400	3	15	PM2-088	4	0	0		25	True	True		True		P02	
257	ヴィンテージコート	SPCW10052_P01A	1	3	8	1	350	4	9	PM2-089	4	0	0		25	True	True		True		P02	
258	ヴィンテージコート	SPCW10052_I01A	1	3	10	1	350	5	10	PM2-090	4	0	0		25	True	True		True		P02	
259	くまくまパーク	SPCW10033_T01A	1	1	3	1	400	1	6	PM2-091	4	0	0	章コーデ	26	True	True	2021年12月2日（木）〜2022年2月2日（水）	True	26	P02	
260	くまくまパーク	SPCW10033_B01A	1	1	1	1	400	3	16	PM2-092	4	0	0		26	True	True		True		P02	
261	くまくまパーク	SPCW10033_P01A	1	1	1	1	350	4	5	PM2-093	4	0	0		26	True	True		True		P02	
262	くまくまパーク	SPCW10033_I01A	1	1	11	1	350	5	19	PM2-094	4	0	0		26	True	True		True		P02	
263	にゃんこサスペンダー	SPCW10034_T01A	1	1	11	1	400	1	19	PM2-095	4	0	0	章コーデ	27	True	True	2021年12月2日（木）〜2022年2月2日（水）	True	27	P02	
264	にゃんこサスペンダー	SPCW10034_B01A	1	1	5	1	400	3	6	PM2-096	4	0	0		27	True	True		True		P02	
265	にゃんこサスペンダー	SPCW10034_P01A	1	1	9	1	350	4	16	PM2-097	4	0	0		27	True	True		True		P02	
266	にゃんこサスペンダー	SPCW10034_I01A	1	1	9	1	350	5	18	PM2-098	4	0	0		27	True	True		True		P02	
267	スタイリッシュパーカ	SPCW10061_T01A	1	2	11	1	400	1	14	PM2-099	4	0	0	章コーデ	28	True	True	2021年12月2日（木）〜2022年2月2日（水）	True	28	P02	
268	スタイリッシュパーカ	SPCW10061_B01A	1	2	3	1	400	3	18	PM2-100	4	0	0		28	True	True		True		P02	
269	スタイリッシュパーカ	SPCW10061_P01A	1	2	11	1	350	4	12	PM2-101	4	0	0		28	True	True		True		P02	
270	スタイリッシュパーカ	SPCW10061_I01A	1	2	11	1	350	5	13	PM2-102	4	0	0		28	True	True		True		P02	
271	モッズコート	SPCW10051_D01A	1	2	6	1	800	2	9	PM2-103	4	0	0	章コーデ	29	True	True	2021年12月2日（木）〜2022年2月2日（水）	True	29	P02	
272	モッズコート	SPCW10051_P01A	1	2	10	1	350	4	13	PM2-104	4	0	0		29	True	True		True		P02	
273	モッズコート	SPCW10051_I01A	1	2	9	1	350	5	14	PM2-105	4	0	0		29	True	True		True		P02	
274	れもんスクール	SPCW10096_D01A	2	8	8	1	800	2	15	PM2-106	4	0	0	章コーデ	30	True	True	2021年12月2日（木）〜2022年2月2日（水）	True	30	P02	
275	れもんスクール	SPCW10096_P01A	2	8	10	1	350	4	10	PM2-107	4	0	0		30	True	True		True		P02	
276	れもんスクール	SPCW10096_I01A	2	8	6	1	350	5	2	PM2-108	4	0	0		30	True	True		True		P02	
312	フレアエレメンツ	SPCW20009_D01A	3	2	2	4	1300	2	11	PM2-147	4	0	0	エレメンツコーデ	31	True	True	2021年12月19日（日）〜2022年1月19日（水）	True	1	P02	
313	フレアエレメンツ	SPCW20009_P01A	3	2	2	4	600	4	15	PM2-148	4	0	0		31	True	True		True		P02	
314	フレアエレメンツ	SPCW20009_I01A	3	2	2	4	600	5	9	PM2-149	4	0	0		31	True	True		True		P02	
325	クリスマスベルピンク	SPCW10165_T01A	3	1	3	2	500	1	8	PM2-109	4	0	0	スペシャル	32	True	True	2021年12月5日（日）〜2021年12月11日（土）	True	1	P02	
326	クリスマスベルピンク	SPCW10165_B01A	3	1	3	2	500	3	6	PM2-110	4	0	0		32	True	True		True		P02	
327	クリスマスベルピンク	SPCW10165_P01A	3	1	3	2	450	4	15	PM2-111	4	0	0		32	True	True		True		P02	
328	クリスマスベルピンク	SPCW10165_I01A	3	1	3	2	450	5	5	PM2-112	4	0	0		32	True	True		True		P02	
277	チェックセットアップピンク	SPCW10127_T01A	1	1	3	1	400	1	6	PM2-113	4	0	0	スペシャル	33	True	True	2021年12月12日（日） 〜2021年12月18日（土）	True	2	P02	
278	チェックセットアップピンク	SPCW10127_B01A	1	1	3	1	400	3	7	PM2-114	4	0	0		33	True	True		True		P02	
279	チェックセットアップピンク	SPCW10127_P01A	1	1	5	1	350	4	5	PM2-115	4	0	0		33	True	True		True		P02	
280	チェックセットアップピンク	SPCW10127_I01A	1	1	3	1	350	5	4	PM2-116	4	0	0		33	True	True		True		P02	
297	ウィンターファーレッド	SPCW10111_T01A	1	3	2	1	400	1	10	PM2-117	4	0	0	スペシャル	34	True	True	2021年12月19日（日）〜2021年12月25日（土）	True	3	P02	
298	ウィンターファーレッド	SPCW10111_B01A	1	3	2	1	400	3	6	PM2-118	4	0	0		34	True	True		True		P02	
299	ウィンターファーレッド	SPCW10111_P01A	1	3	1	1	350	4	18	PM2-119	4	0	0		34	True	True		True		P02	
300	ウィンターファーレッド	SPCW10111_I01A	1	3	10	1	350	5	11	PM2-120	4	0	0		34	True	True		True		P02	
329	ムーンライトホワイト	SPCW10032_T01A	3	3	11	2	500	1	10	PM2-121	4	0	0	スペシャル	35	True	True	2021年12月26日（日）〜2022年1月1日（土）	True	4	P02	
330	ムーンライトホワイト	SPCW10032_B01A	3	3	11	2	500	3	9	PM2-122	4	0	0		35	True	True		True		P02	
331	ムーンライトホワイト	SPCW10032_P01A	3	3	11	2	450	4	3	PM2-123	4	0	0		35	True	True		True		P02	
332	ムーンライトホワイト	SPCW10032_I01A	3	3	11	2	450	5	11	PM2-124	4	0	0		35	True	True		True		P02	
318	ステンドグラスクラシカル	SPCW20003_D01A	3	3	2	3	1200	2	15	PM2-125	4	0	0	スペシャル	36	True	True	2022年1月2日（日）〜2022年1月8日（土）	True	5	P02	
319	ステンドグラスクラシカル	SPCW20003_P01A	3	3	11	3	550	4	9	PM2-126	4	0	0		36	True	True		True		P02	
320	ステンドグラスクラシカル	SPCW20003_I01A	3	3	2	3	550	5	5	PM2-127	4	0	0		36	True	True		True		P02	
321	ドレッシーピアノブルー	SPCW10029_D01A	3	3	7	2	1000	2	9	PM2-128	4	0	0	スペシャル	37	True	True	2022年1月2日（日）〜2022年1月8日（土）	True	6	P02	
322	ドレッシーピアノブルー	SPCW10029_P01A	3	3	7	2	450	4	11	PM2-129	4	0	0		37	True	True		True		P02	
323	ドレッシーピアノブルー	SPCW10029_I01A	3	3	7	2	450	5	16	PM2-130	4	0	0		37	True	True		True		P02	
281	スタイリッシュパーカオレンジ	SPCW10125_T01A	1	2	11	1	400	1	12	PM2-131	4	0	0	スペシャル	38	True	True	2022年1月9日（日）〜2022年1月15日（土）	True	7	P02	
282	スタイリッシュパーカオレンジ	SPCW10125_B01A	1	2	4	1	400	3	14	PM2-132	4	0	0		38	True	True		True		P02	
283	スタイリッシュパーカオレンジ	SPCW10125_P01A	1	2	11	1	350	4	13	PM2-133	4	0	0		38	True	True		True		P02	
284	スタイリッシュパーカオレンジ	SPCW10125_I01A	1	2	11	1	350	5	9	PM2-134	4	0	0		38	True	True		True		P02	
293	レトロガールピンク	SPCW10112_T01A	2	1	3	1	400	1	6	PM2-135	4	0	0	スペシャル	39	True	True	2022年1月16日（日）〜2022年1月22日（土）	True	8	P02	
294	レトロガールピンク	SPCW10112_B01A	2	1	3	1	400	3	16	PM2-136	4	0	0		39	True	True		True		P02	
295	レトロガールピンク	SPCW10112_P01A	2	1	3	1	350	4	11	PM2-137	4	0	0		39	True	True		True		P02	
296	レトロガールピンク	SPCW10112_I01A	2	1	3	1	350	5	5	PM2-138	4	0	0		39	True	True		True		P02	
285	アカデミーブラウン	SPCW10109_T01A	2	3	1	1	400	1	9	PM2-139	4	0	0	スペシャル	40	True	True	2022年1月23日（日）〜2022年1月29日（土）	True	9	P02	
286	アカデミーブラウン	SPCW10109_B01A	2	3	1	1	400	3	7	PM2-140	4	0	0		40	True	True		True		P02	
287	アカデミーブラウン	SPCW10109_P01A	2	3	1	1	350	4	18	PM2-141	4	0	0		40	True	True		True		P02	
288	アカデミーブラウン	SPCW10109_I01A	2	3	1	1	350	5	5	PM2-142	4	0	0		40	True	True		True		P02	
289	ヴィンテージコートレッド	SPCW10113_T01A	1	3	2	1	400	1	10	PM2-143	4	0	0	スペシャル	41	True	True	2022年1月30日（日）〜2022年2月5日（土）	True	10	P02	
290	ヴィンテージコートレッド	SPCW10113_B01A	1	3	2	1	400	3	9	PM2-144	4	0	0		41	True	True		True		P02	
291	ヴィンテージコートレッド	SPCW10113_P01A	1	3	2	1	350	4	8	PM2-145	4	0	0		41	True	True		True		P02	
292	ヴィンテージコートレッド	SPCW10113_I01A	1	3	10	1	350	5	4	PM2-146	4	0	0		41	True	True		True		P02	
308	クリスマスベルブルー	SPCW10117_T01A	3	1	7	2	500	1	7	PM2-150	4	0	0	期間限定	42	True	True	2021年12月2日（木）〜2021年12月29日（水）	True	1	P02	
309	クリスマスベルブルー	SPCW10117_B01A	3	1	7	2	500	3	16	PM2-151	4	0	0		42	True	True		True		P02	
310	クリスマスベルブルー	SPCW10117_P01A	3	1	7	2	450	4	9	PM2-152	4	0	0		42	True	True		True		P02	
311	クリスマスベルブルー	SPCW10117_I01A	3	1	7	2	450	5	8	PM2-153	4	0	0		42	True	True		True		P02	
315	マナマナみゃむイエロー	SPCW10012_D01A	3	1	5	2	1000	2	14	PM2-154	4	0	0	期間限定	43	True	True	2022年1月6日（木）〜2022年2月2日（水）	True	2	P02	
316	マナマナみゃむイエロー	SPCW10012_P01A	3	1	5	2	450	4	4	PM2-155	4	0	0		43	True	True		True		P02	
317	マナマナみゃむイエロー	SPCW10012_I01A	3	1	3	2	450	5	19	PM2-156	4	0	0		43	True	True		True		P02	
20073	ムーンライトグリーン	SPCW10104_T01A	3	3	6	2	500	1	3	P-031	5	0	0	プロモ	44	True	True	2021年12月　公式ファンブック　第2章	True	1	P02	
20074	ムーンライトグリーン	SPCW10104_B01A	3	3	6	2	500	3	10	P-032	5	0	0		44	True	True		True		P02	
20075	ムーンライトグリーン	SPCW10104_P01A	3	3	6	2	450	4	15	P-033	5	0	0		44	True	True		True		P02	
20076	ムーンライトグリーン	SPCW10104_I01A	3	3	10	2	450	5	5	P-034	5	0	3		44	True	True		True		P02	
20077	ドレッシーピアノレッド	SPCW10108_D01A	3	3	2	2	1000	2	15	P-035	5	0	0	プロモ	45	True	True	2021年12月　ちゃお1月号ふろく	True	2	P02	
20078	ドレッシーピアノレッド	SPCW10108_P01A	3	3	2	2	450	4	16	P-036	5	0	1		45	True	True		True		P02	
20079	ドレッシーピアノレッド	SPCW10108_I01A	3	3	2	2	450	5	8	P-037	5	0	1		45	True	True		True		P02	
20080	チェックセットアップブラウン	SPCW10048_T01A	2	1	1	1	400	1	5	P-050	5	0	0	プロモ	46	True	True	2022年1月　ちゃお・ぷっちぐみ2月号　スペシャルプリマジ	True	3	P02	
20081	チェックセットアップブラウン	SPCW10048_B01A	2	1	1	1	400	3	8	P-051	5	0	0		46	True	True		True		P02	
20082	チェックセットアップブラウン	SPCW10048_P01A	2	1	7	1	350	4	16	P-052	5	0	0		46	True	True		True		P02	
20083	チェックセットアップブラウン	SPCW10048_I01A	2	1	1	1	350	5	18	P-053	5	0	0		46	True	True		True		P02	
20027	ストリートライングリーン	SPCW10045_T01A	1	2	6	1	400	1	9	P-038	5	0	0	プロモ	47	True	True	2021年12月　マイキャラルームガッチャ（12月）	True	4	P02	
20028	ストリートライングリーン	SPCW10045_B01A	1	2	11	1	400	3	14	P-039	5	0	0		47	True	True		True		P02	
20029	ストリートライングリーン	SPCW10045_P01A	1	2	11	1	350	4	3	P-040	5	0	0		47	True	True		True		P02	
20030	ストリートライングリーン	SPCW10045_I01A	1	2	2	1	350	5	12	P-041	5	0	0		47	True	True		True		P02	
20084	ギンガムジャンパーグリーン	SPCW10076_T01A	1	1	6	1	400	1	16	P-042	3	0	0	プロモ	48	True	True	2022年1月　マイキャラルームガッチャ（1月）	True	5	P02	
20085	ギンガムジャンパーグリーン	SPCW10076_B01A	1	1	6	1	400	3	7	P-043	3	0	0		48	True	True		True		P02	
20086	ギンガムジャンパーグリーン	SPCW10076_P01A	1	1	6	1	350	4	6	P-044	3	0	0		48	True	True		True		P02	
20087	ギンガムジャンパーグリーン	SPCW10076_I01A	1	1	11	1	350	5	18	P-045	3	0	0		48	True	True		True		P02	
20088	ゴシックケープライトブルー	SPCW10049_T01A	3	3	7	2	500	1	15	P-046	5	0	0	プロモ	49	True	True	2021年12月　鈴木杏奈「Dreaming Sound」CDアニメ盤（初回生産分）	True	6	P02	
20089	ゴシックケープライトブルー	SPCW10049_B01A	3	3	7	2	500	3	9	P-047	5	0	0		49	True	True		True		P02	
20090	ゴシックケープライトブルー	SPCW10049_P01A	3	3	7	2	450	4	10	P-048	5	0	0		49	True	True		True		P02	
20091	ゴシックケープライトブルー	SPCW10049_I01A	3	3	7	2	450	5	5	P-049	5	0	0		49	True	True		True		P02	
20100	ヴィンテージコートピンク	SPCW10113_T01A	1	3	3	1	400	1	6	P-054	5	0	0	プロモ	52	True	True	ガッチャモールでゲット！　HIMAWARIちゃんねるおすすめコーデ＆無料たいけんチケット	True	9	P02	
20101	ヴィンテージコートピンク	SPCW10113_B01A	1	3	3	1	400	3	10	P-055	5	0	0		52	True	True		True		P02	
20102	ヴィンテージコートピンク	SPCW10113_P01A	1	3	3	1	350	4	5	P-056	5	0	0		52	True	True		True		P02	
20103	ヴィンテージコートピンク	SPCW10113_I01A	1	3	9	1	350	5	9	P-057	5	0	0		52	True	True		True		P02	
333	エレガントジュエル	SPCW20008_D01A	3	4	11	3	1200	2	9	PM3-001	6	0	0	章コーデ	1	True	True	2022年2月3日（木）〜2022年3月30日（水）	True	1	P03	
334	エレガントジュエル	SPCW20008_P01A	3	4	11	3	550	4	20	PM3-002	6	0	0		1	True	True		True		P03	
335	エレガントジュエル	SPCW20008_I01A	3	4	9	3	550	5	11	PM3-003	6	0	0		1	True	True		True		P03	
336	エレガントジュエルブルー	SPCW20013_D01A	3	4	11	3	1200	2	20	PM3-004	6	0	0	章コーデ	2	True	True	2022年2月3日（木）〜2022年3月30日（水）	True	2	P03	
337	エレガントジュエルブルー	SPCW20013_P01A	3	4	11	3	550	4	11	PM3-005	6	0	0		2	True	True		True		P03	
338	エレガントジュエルブルー	SPCW20013_I01A	3	4	5	3	550	5	15	PM3-006	6	0	0		2	True	True		True		P03	
339	ハートフェザー	SPCW20004_D01A	3	1	7	3	1200	2	16	PM3-007	6	0	0	章コーデ	3	True	True	2022年2月3日（木）〜2022年3月30日（水）	True	3	P03	
340	ハートフェザー	SPCW20004_P01A	3	1	11	3	550	4	6	PM3-008	6	0	0		3	True	True		True		P03	
341	ハートフェザー	SPCW20004_I01A	3	1	13	3	550	5	8	PM3-009	6	0	0		3	True	True		True		P03	
342	ハートフェザーパープル	SPCW20014_D01A	3	1	9	3	1200	2	8	PM3-010	6	0	0	章コーデ	4	True	True	2022年2月3日（木）〜2022年3月30日（水）	True	4	P03	
343	ハートフェザーパープル	SPCW20014_P01A	3	1	11	3	550	4	16	PM3-011	6	0	0		4	True	True		True		P03	
344	ハートフェザーパープル	SPCW20014_I01A	3	1	13	3	550	5	4	PM3-012	6	0	0		4	True	True		True		P03	
345	マーチンググリーン	SPCW10090_T01A	3	4	6	2	500	1	9	PM3-013	6	0	0	章コーデ	5	True	True	2022年2月3日（木）〜2022年3月30日（水）	True	5	P03	
346	マーチンググリーン	SPCW10090_B01A	3	4	6	2	500	3	20	PM3-014	6	0	0		5	True	True		True		P03	
347	マーチンググリーン	SPCW10090_P01A	3	4	11	2	450	4	11	PM3-015	6	0	0		5	True	True		True		P03	
348	マーチンググリーン	SPCW10090_I01A	3	4	6	2	450	5	14	PM3-016	6	0	0		5	True	True		True		P03	
349	マーチングイエロー	SPCW10135_T01A	3	4	5	2	500	1	13	PM3-017	6	0	0	章コーデ	6	True	True	2022年2月3日（木）〜2022年3月30日（水）	True	6	P03	
350	マーチングイエロー	SPCW10135_B01A	3	4	5	2	500	3	5	PM3-018	6	0	0		6	True	True		True		P03	
351	マーチングイエロー	SPCW10135_P01A	3	4	11	2	450	4	15	PM3-019	6	0	0		6	True	True		True		P03	
352	マーチングイエロー	SPCW10135_I01A	3	4	5	2	450	5	20	PM3-020	6	0	0		6	True	True		True		P03	
353	ジャスティスローズ	SPCW10095_T01A	3	4	6	2	500	1	2	PM3-021	6	0	0	章コーデ	7	True	True	2022年2月3日（木）〜2022年3月30日（水）	True	7	P03	
354	ジャスティスローズ	SPCW10095_B01A	3	4	6	2	500	3	15	PM3-022	6	0	0		7	True	True		True		P03	
355	ジャスティスローズ	SPCW10095_P01A	3	4	10	2	450	4	9	PM3-023	6	0	0		7	True	True		True		P03	
356	ジャスティスローズ	SPCW10095_I01A	3	4	6	2	450	5	13	PM3-024	6	0	0		7	True	True		True		P03	
357	ジャスティスローズパープル	SPCW10159_T01A	3	4	12	2	500	1	10	PM3-025	6	0	0	章コーデ	8	True	True	2022年2月3日（木）〜2022年3月30日（水）	True	8	P03	
358	ジャスティスローズパープル	SPCW10159_B01A	3	4	12	2	500	3	2	PM3-026	6	0	0		8	True	True		True		P03	
359	ジャスティスローズパープル	SPCW10159_P01A	3	4	10	2	450	4	13	PM3-027	6	0	0		8	True	True		True		P03	
360	ジャスティスローズパープル	SPCW10159_I01A	3	4	12	2	450	5	9	PM3-028	6	0	0		8	True	True		True		P03	
361	ローズクイーン	SPCW10050_T01A	3	3	11	2	500	1	8	PM3-041	6	0	0	章コーデ	9	True	True	2022年2月3日（木）〜2022年3月30日（水）	True	12	P03	
362	ローズクイーン	SPCW10050_B01A	3	3	2	2	500	3	7	PM3-042	6	0	0		9	True	True		True		P03	
363	ローズクイーン	SPCW10050_P01A	3	3	10	2	450	4	10	PM3-043	6	0	0		9	True	True		True		P03	
364	ローズクイーン	SPCW10050_I01A	3	3	2	2	450	5	2	PM3-044	6	0	0		9	True	True		True		P03	
365	ローズクイーンブルー	SPCW10158_T01A	3	3	11	2	500	1	2	PM3-045	6	0	0	章コーデ	10	True	True	2022年2月3日（木）〜2022年3月30日（水）	True	13	P03	
366	ローズクイーンブルー	SPCW10158_B01A	3	3	8	2	500	3	20	PM3-046	6	0	0		10	True	True		True		P03	
367	ローズクイーンブルー	SPCW10158_P01A	3	3	10	2	450	4	8	PM3-047	6	0	0		10	True	True		True		P03	
368	ローズクイーンブルー	SPCW10158_I01A	3	3	8	2	450	5	10	PM3-048	6	0	0		10	True	True		True		P03	
369	ショコラティエ	SPCW10100_T01A	3	1	1	2	500	1	5	PM3-033	6	0	0	章コーデ	11	True	True	2022年2月3日（木）〜2022年3月30日（水）	True	10	P03	
370	ショコラティエ	SPCW10100_B01A	3	1	1	2	500	3	17	PM3-034	6	0	0		11	True	True		True		P03	
371	ショコラティエ	SPCW10100_P01A	3	1	1	2	450	4	10	PM3-035	6	0	0		11	True	True		True		P03	
372	ショコラティエ	SPCW10100_I01A	3	1	1	2	450	5	8	PM3-036	6	0	0		11	True	True		True		P03	
373	ショコラティエピーチ	SPCW10138_T01A	3	1	3	2	500	1	6	PM3-037	6	0	0	章コーデ	12	True	True	2022年2月3日（木）〜2022年3月30日（水）	True	11	P03	
374	ショコラティエピーチ	SPCW10138_B01A	3	1	3	2	500	3	16	PM3-038	6	0	0		12	True	True		True		P03	
375	ショコラティエピーチ	SPCW10138_P01A	3	1	3	2	450	4	5	PM3-039	6	0	0		12	True	True		True		P03	
376	ショコラティエピーチ	SPCW10138_I01A	3	1	3	2	450	5	17	PM3-040	6	0	0		12	True	True		True		P03	
377	スチームパンク	SPCW10114_T01A	3	4	9	2	500	1	20	PM3-029	6	0	0	章コーデ	13	True	True	2022年2月3日（木）〜2022年3月30日（水）	True	9	P03	
378	スチームパンク	SPCW10114_B01A	3	4	9	2	500	3	9	PM3-030	6	0	0		13	True	True		True		P03	
379	スチームパンク	SPCW10114_P01A	3	4	1	2	450	4	10	PM3-031	6	0	0		13	True	True		True		P03	
380	スチームパンク	SPCW10114_I01A	3	4	9	2	450	5	15	PM3-032	6	0	0		13	True	True		True		P03	
381	トゥルーラブ	SPCW10025_D01A	3	7	2	2	1000	2	11	PM3-049	6	0	0	章コーデ	14	True	True	2022年2月3日（木）〜2022年3月30日（水）	True	14	P03	
382	トゥルーラブ	SPCW10025_P01A	3	7	12	2	450	4	5	PM3-050	6	0	0		14	True	True		True		P03	
383	トゥルーラブ	SPCW10025_I01A	3	7	2	2	450	5	20	PM3-051	6	0	0		14	True	True		True		P03	
384	トゥルーラブゴールド	SPCW10155_D01A	3	7	9	2	1000	2	20	PM3-052	6	0	0	章コーデ	15	True	True	2022年2月3日（木）〜2022年3月30日（水）	True	15	P03	
385	トゥルーラブゴールド	SPCW10155_P01A	3	7	13	2	450	4	15	PM3-053	6	0	0		15	True	True		True		P03	
386	トゥルーラブゴールド	SPCW10155_I01A	3	7	9	2	450	5	11	PM3-054	6	0	0		15	True	True		True		P03	
387	ピーコックプリマ	SPCW10089_T01A	3	3	6	1	400	1	15	PM3-059	6	0	0	章コーデ	16	True	True	2022年2月3日（木）〜2022年3月30日（水）	True	17	P03	
388	ピーコックプリマ	SPCW10089_B01A	3	3	8	1	400	3	10	PM3-060	6	0	0		16	True	True		True		P03	
389	ピーコックプリマ	SPCW10089_P01A	3	3	8	1	350	4	9	PM3-061	6	0	0		16	True	True		True		P03	
390	ピーコックプリマ	SPCW10089_I01A	3	3	8	1	350	5	19	PM3-062	6	0	0		16	True	True		True		P03	
391	アドベンチャー	SPCW10099_T01A	3	2	1	1	400	1	14	PM3-055	6	0	0	章コーデ	17	True	True	2022年2月3日（木）〜2022年3月30日（水）	True	16	P03	
392	アドベンチャー	SPCW10099_B01A	3	2	1	1	400	3	19	PM3-056	6	0	0		17	True	True		True		P03	
393	アドベンチャー	SPCW10099_P01A	3	2	1	1	350	4	12	PM3-057	6	0	0		17	True	True		True		P03	
394	アドベンチャー	SPCW10099_I01A	3	2	1	1	350	5	6	PM3-058	6	0	0		17	True	True		True		P03	
395	アーガイルニット	SPCW10046_T01A	2	1	7	1	400	1	4	PM3-063	6	0	0	章コーデ	18	True	True	2022年2月3日（木）〜2022年3月30日（水）	True	18	P03	
396	アーガイルニット	SPCW10046_B01A	2	1	3	1	400	3	18	PM3-064	6	0	0		18	True	True		True		P03	
397	アーガイルニット	SPCW10046_P01A	2	1	1	1	350	4	6	PM3-065	6	0	0		18	True	True		True		P03	
398	アーガイルニット	SPCW10046_I01A	2	1	3	1	350	5	5	PM3-066	6	0	0		18	True	True		True		P03	
399	デニムスーツ	SPCW10116_T01A	2	2	7	1	400	1	9	PM3-067	6	0	0	章コーデ	19	True	True	2022年2月3日（木）〜2022年3月30日（水）	True	19	P03	
400	デニムスーツ	SPCW10116_B01A	2	2	7	1	400	3	14	PM3-068	6	0	0		19	True	True		True		P03	
401	デニムスーツ	SPCW10116_P01A	2	2	7	1	350	4	13	PM3-069	6	0	0		19	True	True		True		P03	
402	デニムスーツ	SPCW10116_I01A	2	2	7	1	350	5	12	PM3-070	6	0	0		19	True	True		True		P03	
403	スタイリッシュレディ	SPCW10123_T01A	2	2	6	1	400	1	13	PM3-071	6	0	0	章コーデ	20	True	True	2022年2月3日（木）〜2022年3月30日（水）	True	20	P03	
404	スタイリッシュレディ	SPCW10123_B01A	2	2	6	1	400	3	4	PM3-072	6	0	0		20	True	True		True		P03	
405	スタイリッシュレディ	SPCW10123_P01A	2	2	3	1	350	4	18	PM3-073	6	0	0		20	True	True		True		P03	
406	スタイリッシュレディ	SPCW10123_I01A	2	2	3	1	350	5	14	PM3-074	6	0	0		20	True	True		True		P03	
407	プリマジチェックレッド	SPCW10119_T01A	2	8	2	1	400	1	5	PM3-075	6	0	0	章コーデ	21	True	True	2022年2月3日（木）〜2022年3月30日（水）	True	21	P03	
408	プリマジチェックレッド	SPCW10119_B01A	2	8	2	1	400	3	9	PM3-076	6	0	0		21	True	True		True		P03	
409	プリマジチェックレッド	SPCW10119_P01A	2	8	2	1	350	4	6	PM3-077	6	0	0		21	True	True		True		P03	
410	プリマジチェックレッド	SPCW10119_I01A	2	8	1	1	350	5	16	PM3-078	6	0	0		21	True	True		True		P03	
411	プリマジチェックブルー	SPCW10003_T01A	2	8	7	1	400	1	16	PM3-079	6	0	0	章コーデ	22	True	True	2022年2月3日（木）〜2022年3月30日（水）	True	22	P03	
412	プリマジチェックブルー	SPCW10003_B01A	2	8	7	1	400	3	5	PM3-080	6	0	0		22	True	True		True		P03	
413	プリマジチェックブルー	SPCW10003_P01A	2	8	7	1	350	4	14	PM3-081	6	0	0		22	True	True		True		P03	
414	プリマジチェックブルー	SPCW10003_I01A	2	8	7	1	350	5	7	PM3-082	6	0	0		22	True	True		True		P03	
415	マニッシュジャケット	SPCW10054_T01A	1	4	6	1	400	1	18	PM3-083	6	0	0	章コーデ	23	True	True	2022年2月3日（木）〜2022年3月30日（水）	True	23	P03	
416	マニッシュジャケット	SPCW10054_B01A	1	4	6	1	400	3	13	PM3-084	6	0	0		23	True	True		True		P03	
417	マニッシュジャケット	SPCW10054_P01A	1	4	6	1	350	4	9	PM3-085	6	0	0		23	True	True		True		P03	
418	マニッシュジャケット	SPCW10054_I01A	1	4	10	1	350	5	10	PM3-086	6	0	0		23	True	True		True		P03	
419	クールモード	SPCW10087_T01A	1	4	7	1	400	1	15	PM3-087	6	0	0	章コーデ	24	True	True	2022年2月3日（木）〜2022年3月30日（水）	True	24	P03	
420	クールモード	SPCW10087_B01A	1	4	4	1	400	3	18	PM3-088	6	0	0		24	True	True		True		P03	
421	クールモード	SPCW10087_P01A	1	4	1	1	350	4	11	PM3-089	6	0	0		24	True	True		True		P03	
422	クールモード	SPCW10087_I01A	1	4	13	1	350	5	20	PM3-090	6	0	0		24	True	True		True		P03	
423	ドレッシーシャツ	SPCW10098_D01A	1	4	2	1	800	2	8	PM3-091	6	0	0	章コーデ	25	True	True	2022年2月3日（木）〜2022年3月30日（水）	True	25	P03	
424	ドレッシーシャツ	SPCW10098_P01A	1	4	10	1	350	4	18	PM3-092	6	0	0		25	True	True		True		P03	
425	ドレッシーシャツ	SPCW10098_I01A	1	4	13	1	350	5	11	PM3-093	6	0	0		25	True	True		True		P03	
426	ガーリーニット	SPCW10115_D01A	1	1	7	1	800	2	16	PM3-094	6	0	0	章コーデ	26	True	True	2022年2月3日（木）〜2022年3月30日（水）	True	26	P03	
427	ガーリーニット	SPCW10115_P01A	1	1	3	1	350	4	8	PM3-095	6	0	0		26	True	True		True		P03	
428	ガーリーニット	SPCW10115_I01A	1	1	3	1	350	5	6	PM3-096	6	0	0		26	True	True		True		P03	
429	エナメルジャンパー	SPCW10120_T01A	1	2	11	1	400	1	14	PM3-097	6	0	0	章コーデ	27	True	True	2022年2月3日（木）〜2022年3月30日（水）	True	27	P03	
430	エナメルジャンパー	SPCW10120_B01A	1	2	7	1	400	3	12	PM3-098	6	0	0		27	True	True		True		P03	
431	エナメルジャンパー	SPCW10120_P01A	1	2	11	1	350	4	13	PM3-099	6	0	0		27	True	True		True		P03	
432	エナメルジャンパー	SPCW10120_I01A	1	2	7	1	350	5	18	PM3-100	6	0	0		27	True	True		True		P03	
433	フローラルパターン	SPCW10037_T01A	1	3	7	1	400	1	10	PM3-101	6	0	0	章コーデ	28	True	True	2022年2月3日（木）〜2022年3月30日（水）	True	28	P03	
434	フローラルパターン	SPCW10037_B01A	1	3	10	1	400	3	8	PM3-102	6	0	0		28	True	True		True		P03	
435	フローラルパターン	SPCW10037_P01A	1	3	10	1	350	4	15	PM3-103	6	0	0		28	True	True		True		P03	
436	フローラルパターン	SPCW10037_I01A	1	3	7	1	350	5	5	PM3-104	6	0	0		28	True	True		True		P03	
437	あまねスクール	SPCW10097_D01A	2	8	11	1	800	2	9	PM3-105	6	0	0	章コーデ	29	True	True	2022年2月3日（木）〜2022年3月30日（水）	True	29	P03	
438	あまねスクール	SPCW10097_P01A	2	8	11	1	350	4	20	PM3-106	6	0	0		29	True	True		True		P03	
439	アクアエレメンツ	SPCW20016_D01A	3	4	7	4	1300	2	11	PM3-146	6	0	0	エレメンツコーデ	30	True	True	2022年3月3日（木）〜2022年3月30日（水）	True	1	P03	
440	アクアエレメンツ	SPCW20016_P01A	3	4	7	4	600	4	20	PM3-147	6	0	0		30	True	True		True		P03	
441	アクアエレメンツ	SPCW20016_I01A	3	4	12	4	600	5	15	PM3-148	6	0	0		30	True	True		True		P03	
442	ショコラティエストロベリー	SPCW10184_T01A	3	1	2	2	500	1	17	PM3-107	6	0	0	スペシャル	31	True	True	2022年2月6日（日）〜2022年2月12日（土）	True	1	P03	
443	ショコラティエストロベリー	SPCW10184_B01A	3	1	2	2	500	3	16	PM3-108	6	0	0		31	True	True		True		P03	
444	ショコラティエストロベリー	SPCW10184_P01A	3	1	2	2	450	4	8	PM3-109	6	0	0		31	True	True		True		P03	
445	ショコラティエストロベリー	SPCW10184_I01A	3	1	11	2	450	5	10	PM3-110	6	0	0		31	True	True		True		P03	
446	デニムスーツホワイト	SPCW10145_T01A	2	2	11	1	400	1	13	PM3-111	6	0	0	スペシャル	32	True	True	2022年2月13日（日）〜2022年2月19日（土）	True	2	P03	
447	デニムスーツホワイト	SPCW10145_B01A	2	2	11	1	400	3	12	PM3-112	6	0	0		32	True	True		True		P03	
448	デニムスーツホワイト	SPCW10145_P01A	2	2	11	1	350	4	9	PM3-113	6	0	0		32	True	True		True		P03	
449	デニムスーツホワイト	SPCW10145_I01A	2	2	11	1	350	5	8	PM3-114	6	0	0		32	True	True		True		P03	
450	アーガイルニットパープル	SPCW10154_T01A	2	1	11	1	400	1	6	PM3-115	6	0	0	スペシャル	33	True	True	2022年2月20日（日）〜2022年2月26日（土）	True	3	P03	
451	アーガイルニットパープル	SPCW10154_B01A	2	1	9	1	400	3	5	PM3-116	6	0	0		33	True	True		True		P03	
452	アーガイルニットパープル	SPCW10154_P01A	2	1	1	1	350	4	14	PM3-117	6	0	0		33	True	True		True		P03	
453	アーガイルニットパープル	SPCW10154_I01A	2	1	9	1	350	5	18	PM3-118	6	0	0		33	True	True		True		P03	
454	エナメルジャンパーパープル	SPCW10197_T01A	1	2	9	1	400	1	9	PM3-119	6	0	0	スペシャル	34	True	True	2022年2月27日（日）〜2022年3月5日（土）	True	4	P03	
455	エナメルジャンパーパープル	SPCW10197_B01A	1	2	6	1	400	3	18	PM3-120	6	0	0		34	True	True		True		P03	
456	エナメルジャンパーパープル	SPCW10197_P01A	1	2	9	1	350	4	6	PM3-121	6	0	0		34	True	True		True		P03	
457	エナメルジャンパーパープル	SPCW10197_I01A	1	2	9	1	350	5	12	PM3-122	6	0	0		34	True	True		True		P03	
458	ローズクイーングリーン	SPCW10186_T01A	3	3	11	2	500	1	16	PM3-123	6	0	0	スペシャル	35	True	True	2022年3月6日（日）〜2022年3月12日（土）	True	5	P03	
459	ローズクイーングリーン	SPCW10186_B01A	3	3	6	2	500	3	10	PM3-124	6	0	0		35	True	True		True		P03	
460	ローズクイーングリーン	SPCW10186_P01A	3	3	10	2	450	4	20	PM3-125	6	0	0		35	True	True		True		P03	
461	ローズクイーングリーン	SPCW10186_I01A	3	3	6	2	450	5	2	PM3-126	6	0	0		35	True	True		True		P03	
462	ピーコックプリマボルドー	SPCW10137_T01A	3	3	12	1	400	1	20	PM3-127	6	0	0	スペシャル	36	True	True	2022年3月13日（日）〜2022年3月19日（土）	True	6	P03	
463	ピーコックプリマボルドー	SPCW10137_B01A	3	3	2	1	400	3	15	PM3-128	6	0	0		36	True	True		True		P03	
464	ピーコックプリマボルドー	SPCW10137_P01A	3	3	2	1	350	4	19	PM3-129	6	0	0		36	True	True		True		P03	
465	ピーコックプリマボルドー	SPCW10137_I01A	3	3	2	1	350	5	10	PM3-130	6	0	0		36	True	True		True		P03	
466	ガーリーニットホワイト	SPCW10144_D01A	1	1	11	1	800	2	6	PM3-131	6	0	0	スペシャル	37	True	True	2022年3月20日（日）〜2022年3月26日（土）	True	7	P03	
467	ガーリーニットホワイト	SPCW10144_P01A	1	1	5	1	350	4	16	PM3-132	6	0	0		37	True	True		True		P03	
468	ガーリーニットホワイト	SPCW10144_I01A	1	1	8	1	350	5	4	PM3-133	6	0	0		37	True	True		True		P03	
469	スチームパンクブルー	SPCW10156_T01A	3	4	8	2	500	1	10	PM3-134	6	0	0	スペシャル	38	True	True	2022年3月27日（日）〜2022年3月30日（水）	True	8	P03	
470	スチームパンクブルー	SPCW10156_B01A	3	4	8	2	500	3	5	PM3-135	6	0	0		38	True	True		True		P03	
471	スチームパンクブルー	SPCW10156_P01A	3	4	1	2	450	4	15	PM3-136	6	0	0		38	True	True		True		P03	
472	スチームパンクブルー	SPCW10156_I01A	3	4	8	2	450	5	20	PM3-137	6	0	0		38	True	True		True		P03	
473	ショコラティエホワイト	SPCW10183_T01A	3	1	11	2	500	1	16	PM3-138	6	0	0	期間限定	39	True	True	2022年2月3日（木）〜2022年3月2日（水）	True	1	P03	
474	ショコラティエホワイト	SPCW10183_B01A	3	1	11	2	500	3	14	PM3-139	6	0	0		39	True	True		True		P03	
475	ショコラティエホワイト	SPCW10183_P01A	3	1	11	2	450	4	17	PM3-140	6	0	0		39	True	True		True		P03	
476	ショコラティエホワイト	SPCW10183_I01A	3	1	11	2	450	5	5	PM3-141	6	0	0		39	True	True		True		P03	
20104	マーチングレッド	SPCW10136_T01A	3	4	2	2	500	1	20	P-058	7	0	3	プロモ	41	True	True	2022年2月　公式ファンブック　第3章	True	1	P03	
20105	マーチングレッド	SPCW10136_B01A	3	4	2	2	500	3	16	P-059	7	0	3		41	True	True		True		P03	
20106	マーチングレッド	SPCW10136_P01A	3	4	11	2	450	4	10	P-060	7	0	3		41	True	True		True		P03	
20107	マーチングレッド	SPCW10136_I01A	3	4	2	2	450	5	9	P-061	7	0	3		41	True	True		True		P03	
20108	アーガイルニットミント	SPCW10140_T01A	2	1	3	1	400	1	5	P-070	7	0	0	プロモ	42	True	True	2022年3月　ちゃお・ぷっちぐみ4月号　スペシャルプリマジ	True	2	P03	
20109	アーガイルニットミント	SPCW10140_B01A	2	1	6	1	400	3	4	P-071	7	0	0		42	True	True		True		P03	
20110	アーガイルニットミント	SPCW10140_P01A	2	1	7	1	350	4	18	P-072	7	0	0		42	True	True		True		P03	
20111	アーガイルニットミント	SPCW10140_I01A	2	1	6	1	350	5	13	P-073	7	0	0		42	True	True		True		P03	
20006	コスメティックグリーン	SPCW10063_T01A	3	1	11	1	400	1	6	P-062	2	0	0	プロモ	43	True	True	2022年2月　マイキャラルームガッチャ（2月3日～2月28日）	True	3	P03	
20007	コスメティックグリーン	SPCW10063_B01A	3	1	7	1	400	3	7	P-063	2	0	0		43	True	True		True		P03	
20008	コスメティックグリーン	SPCW10063_P01A	3	1	7	1	350	4	16	P-064	2	0	0		43	True	True		True		P03	
20009	コスメティックグリーン	SPCW10063_I01A	3	1	6	1	350	5	11	P-065	2	0	0		43	True	True		True		P03	
20112	アクティブダンスレッド	SPCW10075_T01A	1	2	2	1	400	1	3	P-066	7	0	0	プロモ	44	True	True	2022年3月　マイキャラルームガッチャ（3月1日～3月30日）	True	4	P03	
20113	アクティブダンスレッド	SPCW10075_B01A	1	2	9	1	400	3	14	P-067	7	0	0		44	True	True		True		P03	
20114	アクティブダンスレッド	SPCW10075_P01A	1	2	2	1	350	4	18	P-068	7	0	0		44	True	True		True		P03	
20115	アクティブダンスレッド	SPCW10075_I01A	1	2	9	1	350	5	9	P-069	7	0	0		44	True	True		True		P03	
20116	スチームパンクレッド	SPCW10168_T01A	3	4	2	2	500	1	9	P-074	6	0	0	プロモ	47	True	True	2022年3月　モーリーファンタジー・PALO　ゲットキャンペーン	True	7	P03	
20117	スチームパンクレッド	SPCW10168_B01A	3	4	2	2	500	3	20	P-075	6	0	0		47	True	True		True		P03	
20118	スチームパンクレッド	SPCW10168_P01A	3	4	1	2	450	4	5	P-076	6	0	0		47	True	True		True		P03	
20119	スチームパンクレッド	SPCW10168_I01A	3	4	2	2	450	5	13	P-077	6	0	0		47	True	True		True		P03	
20120	ショコラティエミント	SPCW10139_T01A	3	1	6	2	500	1	4	P-078	6	0	0	プロモ	48	True	True	2022年3月　ナムコ　ゲットチャンス	True	8	P03	
20121	ショコラティエミント	SPCW10139_B01A	3	1	6	2	500	3	6	P-079	6	0	0		48	True	True		True		P03	
20122	ショコラティエミント	SPCW10139_P01A	3	1	6	2	450	4	14	P-080	6	0	0		48	True	True		True		P03	
20123	ショコラティエミント	SPCW10139_I01A	3	1	6	2	450	5	16	P-081	6	0	0		48	True	True		True		P03	
20124	ローズクイーンパープル	SPCW10163_T01A	3	3	11	2	500	1	20	C-015	7	0	0	プロモ	49	True	True	2022年2月　プリマジコーデカード♪コレクショングミ vol.2	True	9	P03	
20125	ローズクイーンパープル	SPCW10163_B01A	3	3	9	2	500	3	2	C-016	7	0	0		49	True	True		True		P03	
20126	ローズクイーンパープル	SPCW10163_P01A	3	3	10	2	450	4	7	C-017	7	0	0		49	True	True		True		P03	
20127	ローズクイーンパープル	SPCW10163_I01A	3	3	9	2	450	5	5	C-018	7	0	0		49	True	True		True		P03	
20128	ローズクイーンピンク	SPCW10164_T01A	3	3	3	2	500	1	10	C-019	7	0	0	プロモ	50	True	True	2022年2月　プリマジコーデカード♪コレクショングミ vol.2	False	10	P03	
20129	ローズクイーンピンク	SPCW10164_B01A	3	3	3	2	500	3	6	C-020	7	0	0		50	True	True		False		P03	
20130	エナメルジャンパーレッド	SPCW10141_T01A	1	2	10	1	400	1	12	C-021	7	0	0	プロモ	51	True	True	2022年2月　プリマジコーデカード♪コレクショングミ vol.2	True	11	P03	
20131	エナメルジャンパーレッド	SPCW10141_B01A	1	2	2	1	400	3	6	C-022	7	0	0		51	True	True		True		P03	
20132	エナメルジャンパーレッド	SPCW10141_P01A	1	2	10	1	350	4	14	C-023	7	0	0		51	True	True		True		P03	
20133	エナメルジャンパーレッド	SPCW10141_I01A	1	2	2	1	350	5	13	C-024	7	0	0		51	True	True		True		P03	
20134	クールモードホワイト	SPCW10150_T01A	1	4	11	1	400	1	5	C-025	7	0	0	プロモ	52	True	True	2022年2月　プリマジコーデカード♪コレクショングミ vol.2	True	12	P03	
20135	クールモードホワイト	SPCW10150_B01A	1	4	6	1	400	3	13	C-026	7	0	0		52	True	True		True		P03	
20136	クールモードホワイト	SPCW10150_P01A	1	4	6	1	350	4	9	C-027	7	0	0		52	True	True		True		P03	
20137	クールモードホワイト	SPCW10150_I01A	1	4	13	1	350	5	18	C-028	7	0	0		52	True	True		True		P03	
20145	バナナチョコクレープ	SPCW10180_T01A	3	1	5	2	500	1	8	P-082	7	0	5	プロモ	53	True	True	2022年3月　ディッパーダンコラボ	True	13	P03	
20146	バナナチョコクレープ	SPCW10180_B01A	3	1	11	2	500	3	17	P-083	7	0	5		53	True	True		True		P03	
20147	バナナチョコクレープ	SPCW10180_P01A	3	1	5	2	450	4	5	P-084	7	0	5		53	True	True		True		P03	
20148	バナナチョコクレープ	SPCW10180_I01A	3	1	1	2	450	5	14	P-085	7	0	5		53	True	True		True		P03	
20149	キラパワサニーキラリ	SPCW10131_T01A	3	8	3	2	500	1	14	PM3-142	6	0	4	期間限定	54	True	True	2022年2月3日（木）〜3月30日（水）	True	2	P03	
20150	キラパワサニーキラリ	SPCW10131_B01A	3	8	3	2	500	3	7	PM3-143	6	0	4		54	True	True		True		P03	
20151	キラパワサニーキラリ	SPCW10131_P01A	3	8	11	2	450	4	6	PM3-144	6	0	4		54	True	True		True		P03	
20152	キラパワサニーキラリ	SPCW10131_I01A	3	8	10	2	450	5	12	PM3-145	6	0	4		54	True	True		True		P03	
