id,coordinationName,modelName,genre,brand,color,rarity,watcha,category,subCategory,sealId,collection,release,icon,kinds,directoryNumber,isShow,hasMainImage,span,isShowItem,order,chapter,RarityName,GenreName,CategoryName,BrandName,ColorName,SubcategoryName
1,おとめマーガレット,SPCW20002_T01A,3,1,2,3,600,1,16,PM1-001,1,0,0,章コーデ,1,True,True,2021年10月1日（金）〜2021年12月1日（水） ,True,1,P01,UR,ライブ,トップス,LOVELY MELODY,あか,ラブリー
2,おとめマーガレット,SPCW20002_B01A,3,1,2,3,600,3,8,PM1-002,1,0,0,,1,True,True,,True,,P01,UR,ライブ,ボトムス,LOVELY MELODY,あか,リボン
3,おとめマーガレット,SPCW20002_P01A,3,1,3,3,550,4,6,PM1-003,1,0,0,,1,True,True,,True,,P01,UR,ライブ,シューズ,LOVELY MELODY,ピンク,キュート
4,おとめマーガレット,SPCW20002_I01A,3,1,2,3,550,5,2,PM1-004,1,0,0,,1,True,True,,True,,P01,UR,ライブ,アクセ,LOVELY MELODY,あか,フラワー
5,おとめマーガレットブルー,SPCW20005_T01A,3,1,7,3,600,1,6,PM1-005,1,0,0,章コーデ,2,True,True,2021年10月1日（金）〜2021年12月1日（水） ,True,2,P01,UR,ライブ,トップス,LOVELY MELODY,みずいろ,キュート
6,おとめマーガレットブルー,SPCW20005_B01A,3,1,7,3,600,3,2,PM1-006,1,0,0,,2,True,True,,True,,P01,UR,ライブ,ボトムス,LOVELY MELODY,みずいろ,フラワー
7,おとめマーガレットブルー,SPCW20005_P01A,3,1,7,3,550,4,5,PM1-007,1,0,0,,2,True,True,,True,,P01,UR,ライブ,シューズ,LOVELY MELODY,みずいろ,ガーリー
8,おとめマーガレットブルー,SPCW20005_I01A,3,1,7,3,550,5,16,PM1-008,1,0,0,,2,True,True,,True,,P01,UR,ライブ,アクセ,LOVELY MELODY,みずいろ,ラブリー
9,スパークスター,SPCW20001_D01A,3,2,11,3,1200,2,13,PM1-009,1,0,0,章コーデ,3,True,True,2021年10月1日（金）〜2021年12月1日（水） ,True,3,P01,UR,ライブ,ワンピ,VIVID STAR,しろ,ダンス
10,スパークスター,SPCW20001_P01A,3,2,9,3,550,4,3,PM1-010,1,0,0,,3,True,True,,True,,P01,UR,ライブ,シューズ,VIVID STAR,むらさき,スター
11,スパークスター,SPCW20001_I01A,3,2,7,3,550,5,14,PM1-011,1,0,0,,3,True,True,,True,,P01,UR,ライブ,アクセ,VIVID STAR,みずいろ,ポップ
145,スパークスターブルー,SPCW20007_D01A,3,2,10,3,1200,2,3,PM1-012,1,2,0,章コーデ,4,True,True,2021年10月1日（金）〜2021年12月1日（水） ,True,4,P01,UR,ライブ,ワンピ,VIVID STAR,くろ,スター
146,スパークスターブルー,SPCW20007_P01A,3,2,10,3,550,4,14,PM1-013,1,2,0,,4,True,True,,True,,P01,UR,ライブ,シューズ,VIVID STAR,くろ,ポップ
147,スパークスターブルー,SPCW20007_I01A,3,2,8,3,550,5,13,PM1-014,1,2,0,,4,True,True,,True,,P01,UR,ライブ,アクセ,VIVID STAR,あお,ダンス
12,ハートバルーン,SPCW10004_T01A,3,1,3,2,500,1,16,PM1-015,1,0,0,章コーデ,5,True,True,2021年10月1日（金）〜2021年12月1日（水） ,True,5,P01,SR,ライブ,トップス,LOVELY MELODY,ピンク,ラブリー
13,ハートバルーン,SPCW10004_B01A,3,1,6,2,500,3,6,PM1-016,1,0,0,,5,True,True,,True,,P01,SR,ライブ,ボトムス,LOVELY MELODY,みどり,キュート
14,ハートバルーン,SPCW10004_P01A,3,1,3,2,450,4,4,PM1-017,1,0,0,,5,True,True,,True,,P01,SR,ライブ,シューズ,LOVELY MELODY,ピンク,ハート
15,ハートバルーン,SPCW10004_I01A,3,1,3,2,450,5,8,PM1-018,1,0,0,,5,True,True,,True,,P01,SR,ライブ,アクセ,LOVELY MELODY,ピンク,リボン
16,ハートバルーンオレンジ,SPCW10084_T01A,3,1,4,2,500,1,6,PM1-019,1,0,0,章コーデ,6,True,True,2021年10月1日（金）〜2021年12月1日（水） ,True,6,P01,SR,ライブ,トップス,LOVELY MELODY,オレンジ,キュート
17,ハートバルーンオレンジ,SPCW10084_B01A,3,1,5,2,500,3,4,PM1-020,1,0,0,,6,True,True,,True,,P01,SR,ライブ,ボトムス,LOVELY MELODY,きいろ,ハート
18,ハートバルーンオレンジ,SPCW10084_P01A,3,1,6,2,450,4,16,PM1-021,1,0,0,,6,True,True,,True,,P01,SR,ライブ,シューズ,LOVELY MELODY,みどり,ラブリー
19,ハートバルーンオレンジ,SPCW10084_I01A,3,1,4,2,450,5,5,PM1-022,1,0,0,,6,True,True,,True,,P01,SR,ライブ,アクセ,LOVELY MELODY,オレンジ,ガーリー
28,ハロウィンフリル,SPCW10010_T01A,3,1,2,2,500,1,10,PM1-023,1,2,0,章コーデ,7,True,True,2021年10月1日（金）〜2021年12月1日（水） ,True,7,P01,SR,ライブ,トップス,LOVELY MELODY,あか,ゴシック
29,ハロウィンフリル,SPCW10010_B01A,3,1,2,2,500,3,15,PM1-024,1,2,0,,7,True,True,,True,,P01,SR,ライブ,ボトムス,LOVELY MELODY,あか,ミステリアス
30,ハロウィンフリル,SPCW10010_P01A,3,1,2,2,450,4,9,PM1-025,1,2,0,,7,True,True,,True,,P01,SR,ライブ,シューズ,LOVELY MELODY,あか,クール
31,ハロウィンフリル,SPCW10010_I01A,3,1,10,2,450,5,2,PM1-026,1,2,0,,7,True,True,,True,,P01,SR,ライブ,アクセ,LOVELY MELODY,くろ,フラワー
32,ハロウィンフリルブルー,SPCW10056_T01A,3,1,7,2,500,1,5,PM1-027,1,2,0,章コーデ,8,True,True,2021年10月1日（金）〜2021年12月1日（水） ,True,8,P01,SR,ライブ,トップス,LOVELY MELODY,みずいろ,ガーリー
33,ハロウィンフリルブルー,SPCW10056_B01A,3,1,7,2,500,3,9,PM1-028,1,2,0,,8,True,True,,True,,P01,SR,ライブ,ボトムス,LOVELY MELODY,みずいろ,クール
34,ハロウィンフリルブルー,SPCW10056_P01A,3,1,7,2,450,4,10,PM1-029,1,2,0,,8,True,True,,True,,P01,SR,ライブ,シューズ,LOVELY MELODY,みずいろ,ゴシック
35,ハロウィンフリルブルー,SPCW10056_I01A,3,1,10,2,450,5,15,PM1-030,1,2,0,,8,True,True,,True,,P01,SR,ライブ,アクセ,LOVELY MELODY,くろ,ミステリアス
36,フルーツパフェ,SPCW10016_T01A,3,1,5,2,500,1,17,PM1-031,1,2,0,章コーデ,9,True,True,2021年10月1日（金）〜2021年12月1日（水） ,True,9,P01,SR,ライブ,トップス,LOVELY MELODY,きいろ,スイーツ
37,フルーツパフェ,SPCW10016_B01A,3,1,5,2,500,3,16,PM1-032,1,2,0,,9,True,True,,True,,P01,SR,ライブ,ボトムス,LOVELY MELODY,きいろ,ラブリー
38,フルーツパフェ,SPCW10016_P01A,3,1,5,2,450,4,6,PM1-033,1,2,0,,9,True,True,,True,,P01,SR,ライブ,シューズ,LOVELY MELODY,きいろ,キュート
39,フルーツパフェ,SPCW10016_I01A,3,1,4,2,450,5,4,PM1-034,1,2,0,,9,True,True,,True,,P01,SR,ライブ,アクセ,LOVELY MELODY,オレンジ,ハート
40,フルーツパフェピンク,SPCW10058_T01A,3,1,3,2,500,1,6,PM1-035,1,2,0,章コーデ,10,True,True,2021年10月1日（金）〜2021年12月1日（水） ,True,10,P01,SR,ライブ,トップス,LOVELY MELODY,ピンク,キュート
41,フルーツパフェピンク,SPCW10058_B01A,3,1,3,2,500,3,8,PM1-036,1,2,0,,10,True,True,,True,,P01,SR,ライブ,ボトムス,LOVELY MELODY,ピンク,リボン
42,フルーツパフェピンク,SPCW10058_P01A,3,1,3,2,450,4,4,PM1-037,1,2,0,,10,True,True,,True,,P01,SR,ライブ,シューズ,LOVELY MELODY,ピンク,ハート
43,フルーツパフェピンク,SPCW10058_I01A,3,1,3,2,450,5,17,PM1-038,1,2,0,,10,True,True,,True,,P01,SR,ライブ,アクセ,LOVELY MELODY,ピンク,スイーツ
20,ヒップホップ,SPCW10017_T01A,3,2,8,2,500,1,13,PM1-039,1,0,0,章コーデ,11,True,True,2021年10月1日（金）〜2021年12月1日（水） ,True,11,P01,SR,ライブ,トップス,VIVID STAR,あお,ダンス
21,ヒップホップ,SPCW10017_B01A,3,2,8,2,500,3,12,PM1-040,1,0,0,,11,True,True,,True,,P01,SR,ライブ,ボトムス,VIVID STAR,あお,スポーツ
22,ヒップホップ,SPCW10017_P01A,3,2,11,2,450,4,18,PM1-041,1,0,0,,11,True,True,,True,,P01,SR,ライブ,シューズ,VIVID STAR,しろ,ベーシック
23,ヒップホップ,SPCW10017_I01A,3,2,5,2,450,5,14,PM1-042,1,0,0,,11,True,True,,True,,P01,SR,ライブ,アクセ,VIVID STAR,きいろ,ポップ
24,ヒップホップパープル,SPCW10055_T01A,3,2,9,2,500,1,14,PM1-043,1,0,0,章コーデ,12,True,True,2021年10月1日（金）〜2021年12月1日（水） ,True,12,P01,SR,ライブ,トップス,VIVID STAR,むらさき,ポップ
25,ヒップホップパープル,SPCW10055_B01A,3,2,9,2,500,3,13,PM1-044,1,0,0,,12,True,True,,True,,P01,SR,ライブ,ボトムス,VIVID STAR,むらさき,ダンス
26,ヒップホップパープル,SPCW10055_P01A,3,2,11,2,450,4,12,PM1-045,1,0,0,,12,True,True,,True,,P01,SR,ライブ,シューズ,VIVID STAR,しろ,スポーツ
27,ヒップホップパープル,SPCW10055_I01A,3,2,6,2,450,5,18,PM1-046,1,0,0,,12,True,True,,True,,P01,SR,ライブ,アクセ,VIVID STAR,みどり,ベーシック
52,ネオンチェッカー,SPCW10013_T01A,3,2,6,2,500,1,12,PM1-047,1,2,0,章コーデ,13,True,True,2021年10月1日（金）〜2021年12月1日（水） ,True,13,P01,SR,ライブ,トップス,VIVID STAR,みどり,スポーツ
53,ネオンチェッカー,SPCW10013_B01A,3,2,11,2,500,3,18,PM1-048,1,2,0,,13,True,True,,True,,P01,SR,ライブ,ボトムス,VIVID STAR,しろ,ベーシック
54,ネオンチェッカー,SPCW10013_P01A,3,2,3,2,450,4,13,PM1-049,1,2,0,,13,True,True,,True,,P01,SR,ライブ,シューズ,VIVID STAR,ピンク,ダンス
55,ネオンチェッカー,SPCW10013_I01A,3,2,3,2,450,5,9,PM1-050,1,2,0,,13,True,True,,True,,P01,SR,ライブ,アクセ,VIVID STAR,ピンク,クール
148,ネオンチェッカースカイ,SPCW10071_T01A,3,2,7,2,500,1,13,PM1-051,1,2,0,章コーデ,14,True,True,2021年10月1日（金）〜2021年12月1日（水） ,True,14,P01,SR,ライブ,トップス,VIVID STAR,みずいろ,ダンス
149,ネオンチェッカースカイ,SPCW10071_B01A,3,2,8,2,500,3,12,PM1-052,1,2,0,,14,True,True,,True,,P01,SR,ライブ,ボトムス,VIVID STAR,あお,スポーツ
150,ネオンチェッカースカイ,SPCW10071_P01A,3,2,11,2,450,4,9,PM1-053,1,2,0,,14,True,True,,True,,P01,SR,ライブ,シューズ,VIVID STAR,しろ,クール
151,ネオンチェッカースカイ,SPCW10071_I01A,3,2,7,2,450,5,18,PM1-054,1,2,0,,14,True,True,,True,,P01,SR,ライブ,アクセ,VIVID STAR,みずいろ,ベーシック
76,コスメティック,SPCW10008_T01A,3,1,11,1,400,1,4,PM1-055,1,2,0,章コーデ,15,True,True,2021年10月1日（金）〜2021年12月1日（水） ,True,15,P01,R,ライブ,トップス,LOVELY MELODY,しろ,ハート
77,コスメティック,SPCW10008_B01A,3,1,3,1,400,3,11,PM1-056,1,2,0,,15,True,True,,True,,P01,R,ライブ,ボトムス,LOVELY MELODY,ピンク,ジュエル
78,コスメティック,SPCW10008_P01A,3,1,3,1,350,4,6,PM1-057,1,2,0,,15,True,True,,True,,P01,R,ライブ,シューズ,LOVELY MELODY,ピンク,キュート
79,コスメティック,SPCW10008_I01A,3,1,9,1,350,5,16,PM1-058,1,2,0,,15,True,True,,True,,P01,R,ライブ,アクセ,LOVELY MELODY,むらさき,ラブリー
44,レースヒーロー,SPCW10023_T01A,3,2,11,1,400,1,12,PM1-059,1,2,0,章コーデ,16,True,True,2021年10月1日（金）〜2021年12月1日（水） ,True,16,P01,R,ライブ,トップス,VIVID STAR,しろ,スポーツ
45,レースヒーロー,SPCW10023_B01A,3,2,2,1,400,3,14,PM1-060,1,2,0,,16,True,True,,True,,P01,R,ライブ,ボトムス,VIVID STAR,あか,ポップ
46,レースヒーロー,SPCW10023_P01A,3,2,7,1,350,4,13,PM1-061,1,2,0,,16,True,True,,True,,P01,R,ライブ,シューズ,VIVID STAR,みずいろ,ダンス
47,レースヒーロー,SPCW10023_I01A,3,2,2,1,350,5,18,PM1-062,1,2,0,,16,True,True,,True,,P01,R,ライブ,アクセ,VIVID STAR,あか,ベーシック
64,プリマジチェックピンク,SPCW10001_T01A,2,8,3,1,400,1,7,PM1-063,1,2,0,章コーデ,17,True,True,2021年10月1日（金）〜2021年12月1日（水） ,True,17,P01,R,スタイリッシュ,トップス,PrismStone,ピンク,チェック
65,プリマジチェックピンク,SPCW10001_B01A,2,8,3,1,400,3,6,PM1-064,1,2,0,,17,True,True,,True,,P01,R,スタイリッシュ,ボトムス,PrismStone,ピンク,キュート
66,プリマジチェックピンク,SPCW10001_P01A,2,8,3,1,350,4,8,PM1-065,1,2,0,,17,True,True,,True,,P01,R,スタイリッシュ,シューズ,PrismStone,ピンク,リボン
67,プリマジチェックピンク,SPCW10001_I01A,2,8,3,1,350,5,5,PM1-066,1,2,0,,17,True,True,,True,,P01,R,スタイリッシュ,アクセ,PrismStone,ピンク,ガーリー
68,プリマジチェックオレンジ,SPCW10002_T01A,2,8,4,1,400,1,6,PM1-067,1,2,0,章コーデ,18,True,True,2021年10月1日（金）〜2021年12月1日（水） ,True,18,P01,R,スタイリッシュ,トップス,PrismStone,オレンジ,キュート
69,プリマジチェックオレンジ,SPCW10002_B01A,2,8,4,1,400,3,14,PM1-068,1,2,0,,18,True,True,,True,,P01,R,スタイリッシュ,ボトムス,PrismStone,オレンジ,ポップ
70,プリマジチェックオレンジ,SPCW10002_P01A,2,8,4,1,350,4,7,PM1-069,1,2,0,,18,True,True,,True,,P01,R,スタイリッシュ,シューズ,PrismStone,オレンジ,チェック
71,プリマジチェックオレンジ,SPCW10002_I01A,2,8,4,1,350,5,8,PM1-070,1,2,0,,18,True,True,,True,,P01,R,スタイリッシュ,アクセ,PrismStone,オレンジ,リボン
90,ガーリーデニム,SPCW10088_T01A,1,1,3,1,400,1,5,PM1-071,1,2,0,章コーデ,19,True,True,2021年10月1日（金）〜2021年12月1日（水） ,True,19,P01,R,カジュアル,トップス,LOVELY MELODY,ピンク,ガーリー
91,ガーリーデニム,SPCW10005_B01A,1,1,7,1,400,3,6,PM1-072,1,2,0,,19,True,True,,True,,P01,R,カジュアル,ボトムス,LOVELY MELODY,みずいろ,キュート
92,ガーリーデニム,SPCW10005_P01A,1,1,3,1,350,4,18,PM1-073,1,2,0,,19,True,True,,True,,P01,R,カジュアル,シューズ,LOVELY MELODY,ピンク,ベーシック
93,ガーリーデニム,SPCW10005_I01A,1,1,5,1,350,5,16,PM1-074,1,2,0,,19,True,True,,True,,P01,R,カジュアル,アクセ,LOVELY MELODY,きいろ,ラブリー
56,げんきチェック,SPCW10009_T01A,1,1,11,1,400,1,14,PM1-075,1,2,0,章コーデ,20,True,True,2021年10月1日（金）〜2021年12月1日（水） ,True,20,P01,R,カジュアル,トップス,LOVELY MELODY,しろ,ポップ
57,げんきチェック,SPCW10009_B01A,1,1,9,1,400,3,7,PM1-076,1,2,0,,20,True,True,,True,,P01,R,カジュアル,ボトムス,LOVELY MELODY,むらさき,チェック
58,げんきチェック,SPCW10009_P01A,1,1,9,1,350,4,8,PM1-077,1,2,0,,20,True,True,,True,,P01,R,カジュアル,シューズ,LOVELY MELODY,むらさき,リボン
59,げんきチェック,SPCW10009_I01A,1,1,9,1,350,5,12,PM1-078,1,2,0,,20,True,True,,True,,P01,R,カジュアル,アクセ,LOVELY MELODY,むらさき,スポーツ
94,プチパール,SPCW10014_T01A,1,1,3,1,400,1,5,PM1-079,1,2,0,章コーデ,21,True,True,2021年10月1日（金）〜2021年12月1日（水） ,True,21,P01,R,カジュアル,トップス,LOVELY MELODY,ピンク,ガーリー
95,プチパール,SPCW10014_B01A,1,1,10,1,400,3,15,PM1-080,1,2,0,,21,True,True,,True,,P01,R,カジュアル,ボトムス,LOVELY MELODY,くろ,ミステリアス
96,プチパール,SPCW10014_P01A,1,1,3,1,350,4,16,PM1-081,1,2,0,,21,True,True,,True,,P01,R,カジュアル,シューズ,LOVELY MELODY,ピンク,ラブリー
97,プチパール,SPCW10014_I01A,1,1,3,1,350,5,11,PM1-082,1,2,0,,21,True,True,,True,,P01,R,カジュアル,アクセ,LOVELY MELODY,ピンク,ジュエル
106,ギンガムジャンパー,SPCW10006_T01A,1,1,7,1,400,1,5,PM1-083,1,2,0,章コーデ,22,True,True,2021年10月1日（金）〜2021年12月1日（水） ,True,22,P01,R,カジュアル,トップス,LOVELY MELODY,みずいろ,ガーリー
107,ギンガムジャンパー,SPCW10006_B01A,1,1,7,1,400,3,18,PM1-084,1,2,0,,22,True,True,,True,,P01,R,カジュアル,ボトムス,LOVELY MELODY,みずいろ,ベーシック
108,ギンガムジャンパー,SPCW10006_P01A,1,1,7,1,350,4,11,PM1-085,1,2,0,,22,True,True,,True,,P01,R,カジュアル,シューズ,LOVELY MELODY,みずいろ,ジュエル
109,ギンガムジャンパー,SPCW10006_I01A,1,1,11,1,350,5,6,PM1-086,1,2,0,,22,True,True,,True,,P01,R,カジュアル,アクセ,LOVELY MELODY,しろ,キュート
110,フレッシュフラワー,SPCW10022_T01A,1,1,5,1,400,1,8,PM1-087,1,2,0,章コーデ,23,True,True,2021年10月1日（金）〜2021年12月1日（水） ,True,23,P01,R,カジュアル,トップス,LOVELY MELODY,きいろ,リボン
111,フレッシュフラワー,SPCW10022_B01A,1,1,7,1,400,3,16,PM1-088,1,2,0,,23,True,True,,True,,P01,R,カジュアル,ボトムス,LOVELY MELODY,みずいろ,ラブリー
112,フレッシュフラワー,SPCW10022_P01A,1,1,5,1,350,4,2,PM1-089,1,2,0,,23,True,True,,True,,P01,R,カジュアル,シューズ,LOVELY MELODY,きいろ,フラワー
113,フレッシュフラワー,SPCW10022_I01A,1,1,5,1,350,5,5,PM1-090,1,2,0,,23,True,True,,True,,P01,R,カジュアル,アクセ,LOVELY MELODY,きいろ,ガーリー
98,アクティブダンス,SPCW10007_T01A,1,2,9,1,400,1,9,PM1-091,1,2,0,章コーデ,24,True,True,2021年10月1日（金）〜2021年12月1日（水） ,True,24,P01,R,カジュアル,トップス,VIVID STAR,むらさき,クール
99,アクティブダンス,SPCW10007_B01A,1,2,12,1,400,3,18,PM1-092,1,2,0,,24,True,True,,True,,P01,R,カジュアル,ボトムス,VIVID STAR,シルバー,ベーシック
100,アクティブダンス,SPCW10007_P01A,1,2,6,1,350,4,12,PM1-093,1,2,0,,24,True,True,,True,,P01,R,カジュアル,シューズ,VIVID STAR,みどり,スポーツ
101,アクティブダンス,SPCW10007_I01A,1,2,6,1,350,5,13,PM1-094,1,2,0,,24,True,True,,True,,P01,R,カジュアル,アクセ,VIVID STAR,みどり,ダンス
60,ロックレザー,SPCW10011_T01A,1,2,2,1,400,1,18,PM1-095,1,2,0,章コーデ,25,True,True,2021年10月1日（金）〜2021年12月1日（水） ,True,25,P01,R,カジュアル,トップス,VIVID STAR,あか,ベーシック
61,ロックレザー,SPCW10011_B01A,1,2,8,1,400,3,13,PM1-096,1,2,0,,25,True,True,,True,,P01,R,カジュアル,ボトムス,VIVID STAR,あお,ダンス
62,ロックレザー,SPCW10011_P01A,1,2,8,1,350,4,15,PM1-097,1,2,0,,25,True,True,,True,,P01,R,カジュアル,シューズ,VIVID STAR,あお,ミステリアス
63,ロックレザー,SPCW10011_I01A,1,2,8,1,350,5,9,PM1-098,1,2,0,,25,True,True,,True,,P01,R,カジュアル,アクセ,VIVID STAR,あお,クール
80,ストリートライン,SPCW10015_T01A,1,2,4,1,400,1,13,PM1-099,1,2,0,章コーデ,26,True,True,2021年10月1日（金）〜2021年12月1日（水） ,True,26,P01,R,カジュアル,トップス,VIVID STAR,オレンジ,ダンス
81,ストリートライン,SPCW10015_B01A,1,2,11,1,400,3,12,PM1-100,1,2,0,,26,True,True,,True,,P01,R,カジュアル,ボトムス,VIVID STAR,しろ,スポーツ
82,ストリートライン,SPCW10015_P01A,1,2,11,1,350,4,18,PM1-101,1,2,0,,26,True,True,,True,,P01,R,カジュアル,シューズ,VIVID STAR,しろ,ベーシック
83,ストリートライン,SPCW10015_I01A,1,2,8,1,350,5,14,PM1-102,1,2,0,,26,True,True,,True,,P01,R,カジュアル,アクセ,VIVID STAR,あお,ポップ
102,ワッペンデニム,SPCW10020_D01A,1,2,8,1,800,2,18,PM1-103,1,2,0,章コーデ,27,True,True,2021年10月1日（金）〜2021年12月1日（水） ,True,27,P01,R,カジュアル,ワンピ,VIVID STAR,あお,ベーシック
103,ワッペンデニム,SPCW10020_P01A,1,2,3,1,350,4,12,PM1-104,1,2,0,,27,True,True,,True,,P01,R,カジュアル,シューズ,VIVID STAR,ピンク,スポーツ
104,ワッペンデニム,SPCW10020_I01A,1,2,6,1,350,5,9,PM1-105,1,2,0,,27,True,True,,True,,P01,R,カジュアル,アクセ,VIVID STAR,みどり,クール
105,ワッペンパーカー,SPCW10021_D01A,1,2,8,1,800,2,14,PM1-106,1,2,0,章コーデ,28,True,True,2021年10月1日（金）〜2021年12月1日（水） ,True,28,P01,R,カジュアル,ワンピ,VIVID STAR,あお,ポップ
84,まつりスクール,SPCW10018_D01A,2,8,3,1,800,2,5,PM1-107,1,2,0,章コーデ,29,True,True,2021年10月1日（金）〜2021年12月1日（水） ,True,29,P01,R,スタイリッシュ,ワンピ,PrismStone,ピンク,ガーリー
85,まつりスクール,SPCW10018_P01A,2,8,1,1,350,4,16,PM1-108,1,2,0,,29,True,True,,True,,P01,R,スタイリッシュ,シューズ,PrismStone,ちゃ,ラブリー
86,まつりスクール,SPCW10018_I01A,2,8,7,1,350,5,6,PM1-109,1,2,0,,29,True,True,,True,,P01,R,スタイリッシュ,アクセ,PrismStone,みずいろ,キュート
87,ひなスクール,SPCW10093_D01A,2,8,5,1,800,2,14,PM1-110,1,2,0,章コーデ,30,True,True,2021年10月1日（金）〜2021年12月1日（水） ,True,30,P01,R,スタイリッシュ,ワンピ,PrismStone,きいろ,ポップ
88,ひなスクール,SPCW10093_P01A,2,8,10,1,350,4,9,PM1-111,1,2,0,,30,True,True,,True,,P01,R,スタイリッシュ,シューズ,PrismStone,くろ,クール
89,ひなスクール,SPCW10093_I01A,2,8,7,1,350,5,18,PM1-112,1,2,0,,30,True,True,,True,,P01,R,スタイリッシュ,アクセ,PrismStone,みずいろ,ベーシック
133,げんきチェックグリーン,SPCW10040_T01A,1,1,11,1,400,1,12,PM1-113,1,2,0,スペシャル,31,True,True,2021年10月1日（金）?2021年10月9日（土）,True,1,P01,R,カジュアル,トップス,LOVELY MELODY,しろ,スポーツ
134,げんきチェックグリーン,SPCW10040_B01A,1,1,6,1,400,3,16,PM1-114,1,2,0,,31,True,True,,True,,P01,R,カジュアル,ボトムス,LOVELY MELODY,みどり,ラブリー
135,げんきチェックグリーン,SPCW10040_P01A,1,1,6,1,350,4,5,PM1-115,1,2,0,,31,True,True,,True,,P01,R,カジュアル,シューズ,LOVELY MELODY,みどり,ガーリー
136,げんきチェックグリーン,SPCW10040_I01A,1,1,6,1,350,5,7,PM1-116,1,2,0,,31,True,True,,True,,P01,R,カジュアル,アクセ,LOVELY MELODY,みどり,チェック
118,ギンガムジャンパーピンク,SPCW10081_T01A,1,1,3,1,400,1,7,PM1-117,1,2,0,スペシャル,32,True,True,2021年10月10日（日）?2021年10月16日（土）,True,2,P01,R,カジュアル,トップス,LOVELY MELODY,ピンク,チェック
119,ギンガムジャンパーピンク,SPCW10081_B01A,1,1,3,1,400,3,5,PM1-118,1,2,0,,32,True,True,,True,,P01,R,カジュアル,ボトムス,LOVELY MELODY,ピンク,ガーリー
120,ギンガムジャンパーピンク,SPCW10081_P01A,1,1,3,1,350,4,4,PM1-119,1,2,0,,32,True,True,,True,,P01,R,カジュアル,シューズ,LOVELY MELODY,ピンク,ハート
121,ギンガムジャンパーピンク,SPCW10081_I01A,1,1,11,1,350,5,8,PM1-120,1,2,0,,32,True,True,,True,,P01,R,カジュアル,アクセ,LOVELY MELODY,しろ,リボン
152,ロックレザーグリーン,SPCW10038_T01A,1,2,10,1,400,1,15,PM1-121,1,2,0,スペシャル,33,True,True,2021年10月17日（日）?2021年10月23日（土）,True,3,P01,R,カジュアル,トップス,VIVID STAR,くろ,ミステリアス
153,ロックレザーグリーン,SPCW10038_B01A,1,2,8,1,400,3,3,PM1-122,1,2,0,,33,True,True,,True,,P01,R,カジュアル,ボトムス,VIVID STAR,あお,スター
154,ロックレザーグリーン,SPCW10038_P01A,1,2,6,1,350,4,18,PM1-123,1,2,0,,33,True,True,,True,,P01,R,カジュアル,シューズ,VIVID STAR,みどり,ベーシック
155,ロックレザーグリーン,SPCW10038_I01A,1,2,6,1,350,5,14,PM1-124,1,2,0,,33,True,True,,True,,P01,R,カジュアル,アクセ,VIVID STAR,みどり,ポップ
129,プチパールベージュ,SPCW10065_T01A,1,1,11,1,400,1,11,PM1-125,1,2,0,スペシャル,34,True,True,2021年10月24日（日）?2021年10月30日（土）,True,4,P01,R,カジュアル,トップス,LOVELY MELODY,しろ,ジュエル
130,プチパールベージュ,SPCW10065_B01A,1,1,3,1,400,3,8,PM1-126,1,2,0,,34,True,True,,True,,P01,R,カジュアル,ボトムス,LOVELY MELODY,ピンク,リボン
131,プチパールベージュ,SPCW10065_P01A,1,1,11,1,350,4,5,PM1-127,1,2,0,,34,True,True,,True,,P01,R,カジュアル,シューズ,LOVELY MELODY,しろ,ガーリー
132,プチパールベージュ,SPCW10065_I01A,1,1,9,1,350,5,16,PM1-128,1,2,0,,34,True,True,,True,,P01,R,カジュアル,アクセ,LOVELY MELODY,むらさき,ラブリー
122,アクティブダンスイエロー,SPCW10085_T01A,1,2,5,1,400,1,18,PM1-129,1,2,0,スペシャル,35,True,True,2021年10月31日（日）?2021年11月6日（土）,True,5,P01,R,カジュアル,トップス,VIVID STAR,きいろ,ベーシック
123,アクティブダンスイエロー,SPCW10085_B01A,1,2,8,1,400,3,12,PM1-130,1,2,0,,35,True,True,,True,,P01,R,カジュアル,ボトムス,VIVID STAR,あお,スポーツ
124,アクティブダンスイエロー,SPCW10085_P01A,1,2,4,1,350,4,14,PM1-131,1,2,0,,35,True,True,,True,,P01,R,カジュアル,シューズ,VIVID STAR,オレンジ,ポップ
125,アクティブダンスイエロー,SPCW10085_I01A,1,2,4,1,350,5,3,PM1-132,1,2,0,,35,True,True,,True,,P01,R,カジュアル,アクセ,VIVID STAR,オレンジ,スター
156,ストリートラインピンク,SPCW10044_T01A,1,2,3,1,400,1,18,PM1-133,1,2,0,スペシャル,36,True,True,2021年11月7日（日）?2021年11月13日（土）,True,6,P01,R,カジュアル,トップス,VIVID STAR,ピンク,ベーシック
157,ストリートラインピンク,SPCW10044_B01A,1,2,11,1,400,3,9,PM1-134,1,2,0,,36,True,True,,True,,P01,R,カジュアル,ボトムス,VIVID STAR,しろ,クール
158,ストリートラインピンク,SPCW10044_P01A,1,2,11,1,350,4,13,PM1-135,1,2,0,,36,True,True,,True,,P01,R,カジュアル,シューズ,VIVID STAR,しろ,ダンス
159,ストリートラインピンク,SPCW10044_I01A,1,2,7,1,350,5,3,PM1-136,1,0,0,,36,True,True,,True,,P01,R,カジュアル,アクセ,VIVID STAR,みずいろ,スター
160,フレッシュフラワーピンク,SPCW10067_T01A,1,1,9,1,400,1,2,PM1-141,1,0,0,スペシャル,37,True,True,2021年11月21日（日）?2021年11月27日（土）,True,8,P01,R,カジュアル,トップス,LOVELY MELODY,むらさき,フラワー
161,フレッシュフラワーピンク,SPCW10067_B01A,1,1,3,1,400,3,5,PM1-142,1,0,0,,37,True,True,,True,,P01,R,カジュアル,ボトムス,LOVELY MELODY,ピンク,ガーリー
162,フレッシュフラワーピンク,SPCW10067_P01A,1,1,9,1,350,4,8,PM1-143,1,0,0,,37,True,True,,True,,P01,R,カジュアル,シューズ,LOVELY MELODY,むらさき,リボン
163,フレッシュフラワーピンク,SPCW10067_I01A,1,1,9,1,350,5,6,PM1-144,1,0,0,,37,True,True,,True,,P01,R,カジュアル,アクセ,LOVELY MELODY,むらさき,キュート
137,ワッペンパーカースカイ,SPCW10070_D01A,1,2,7,1,800,2,12,PM1-145,1,2,0,スペシャル,38,True,True,2021年11月28日（日）?2021年12月4日（土）,True,9,P01,R,カジュアル,ワンピ,VIVID STAR,みずいろ,スポーツ
138,ワッペンパーカースカイ,SPCW10069_P01A,1,2,6,1,350,4,9,PM1-146,1,2,0,,38,True,True,,True,,P01,R,カジュアル,シューズ,VIVID STAR,みどり,クール
139,ワッペンパーカースカイ,SPCW10069_I01A,1,2,3,1,350,5,14,PM1-147,1,2,0,,38,True,True,,True,,P01,R,カジュアル,アクセ,VIVID STAR,ピンク,ポップ
114,ガーリーデニムスカイ,SPCW10086_T01A,1,1,7,1,400,1,7,PM1-137,1,2,0,スペシャル,39,True,True,2021年11月14日（日）?2021年11月20日（土）,True,7,P01,R,カジュアル,トップス,LOVELY MELODY,みずいろ,チェック
115,ガーリーデニムスカイ,SPCW10086_B01A,1,1,7,1,400,3,16,PM1-138,1,2,0,,39,True,True,,True,,P01,R,カジュアル,ボトムス,LOVELY MELODY,みずいろ,ラブリー
116,ガーリーデニムスカイ,SPCW10086_P01A,1,1,3,1,350,4,5,PM1-139,1,2,0,,39,True,True,,True,,P01,R,カジュアル,シューズ,LOVELY MELODY,ピンク,ガーリー
117,ガーリーデニムスカイ,SPCW10086_I01A,1,1,7,1,350,5,4,PM1-140,1,2,0,,39,True,True,,True,,P01,R,カジュアル,アクセ,LOVELY MELODY,みずいろ,ハート
164,フルーツパフェパープル,SPCW10092_T01A,3,1,9,2,500,1,16,PM1-148,1,0,0,期間限定,40,True,True,2021年11月4日（木）?2021年12年1日（水）,True,1,P01,SR,ライブ,トップス,LOVELY MELODY,むらさき,ラブリー
165,フルーツパフェパープル,SPCW10092_B01A,3,1,9,2,500,3,4,PM1-149,1,0,0,,40,True,True,,True,,P01,SR,ライブ,ボトムス,LOVELY MELODY,むらさき,ハート
166,フルーツパフェパープル,SPCW10092_P01A,3,1,9,2,450,4,17,PM1-150,1,0,0,,40,True,True,,True,,P01,SR,ライブ,シューズ,LOVELY MELODY,むらさき,スイーツ
167,フルーツパフェパープル,SPCW10092_I01A,3,1,9,2,450,5,8,PM1-151,1,0,0,,40,True,True,,True,,P01,SR,ライブ,アクセ,LOVELY MELODY,むらさき,リボン
20001,ハートバルーンキラキラ,SPCW10053_T01A,3,1,7,2,500,1,4,P-001,2,0,0,プロモ,45,True,True,2021年10月　マクドナルドハッピーセット,True,1,P01,SR,ライブ,トップス,LOVELY MELODY,みずいろ,ハート
20002,ハートバルーンフワフワ,SPCW10079_T01A,3,1,5,2,500,1,4,P-002,2,0,0,プロモ,46,True,True,2021年10月　まほうつかいみゃむとHIMAWARIちゃんねる まーちゃん・おーちゃんからのしょうたいじょうキャンペーン！など,True,2,P01,SR,ライブ,トップス,LOVELY MELODY,きいろ,ハート
20003,ハートバルーンキラフワ,SPCW10053_B01A,3,1,3,2,500,3,16,P-003,2,0,0,プロモ,47,True,True,2021年10月　無料体験チケット,True,3,P01,SR,ライブ,ボトムス,LOVELY MELODY,ピンク,ラブリー
20004,ハートバルーンキラフワ,SPCW10053_P01A,3,1,5,2,450,4,6,P-004,2,0,0,,47,True,True,,True,,P01,SR,ライブ,シューズ,LOVELY MELODY,きいろ,キュート
20005,ハートバルーンキラフワ,SPCW10053_I01A,3,1,9,2,450,5,14,P-005,2,0,0,,47,True,True,,True,,P01,SR,ライブ,アクセ,LOVELY MELODY,むらさき,ポップ
20014,おとめマーガレットイエロー,SPCW20006_T01A,3,1,5,3,600,1,5,P-006,2,0,0,プロモ,50,True,True,2021年10月　公式ファンブック　第1章,True,4,P01,UR,ライブ,トップス,LOVELY MELODY,きいろ,ガーリー
20015,おとめマーガレットイエロー,SPCW20006_B01A,3,1,11,3,600,3,6,P-007,2,0,0,,50,True,True,,True,,P01,UR,ライブ,ボトムス,LOVELY MELODY,しろ,キュート
20016,おとめマーガレットイエロー,SPCW20006_P01A,3,1,11,3,550,4,2,P-008,2,0,0,,50,True,True,,True,,P01,UR,ライブ,シューズ,LOVELY MELODY,しろ,フラワー
20017,おとめマーガレットイエロー,SPCW20006_I01A,3,1,5,3,550,5,8,P-009,2,0,3,,50,True,True,,True,,P01,UR,ライブ,アクセ,LOVELY MELODY,きいろ,リボン
20022,ワッペンデニムスカイ,SPCW10069_D01A,1,2,7,1,800,2,13,P-014,2,0,0,プロモ,52,True,True,2021年10月　ぷっちぐみ11月号ふろく,True,7,P01,R,カジュアル,ワンピ,VIVID STAR,みずいろ,ダンス
20023,ギンガムジャンパーイエロー,SPCW10082_T01A,1,1,11,1,400,1,6,P-027,2,0,0,プロモ,53,True,True,2021年11月　ちゃお・ぷっちぐみ12月号　スペシャルプリマジ,True,8,P01,R,カジュアル,トップス,LOVELY MELODY,しろ,キュート
20024,ギンガムジャンパーイエロー,SPCW10082_B01A,1,1,5,1,400,3,4,P-028,2,0,0,,53,True,True,,True,,P01,R,カジュアル,ボトムス,LOVELY MELODY,きいろ,ハート
20025,ギンガムジャンパーイエロー,SPCW10082_P01A,1,1,5,1,350,4,5,P-029,2,0,0,,53,True,True,,True,,P01,R,カジュアル,シューズ,LOVELY MELODY,きいろ,ガーリー
20026,ギンガムジャンパーイエロー,SPCW10082_I01A,1,1,11,1,350,5,16,P-030,2,0,0,,53,True,True,,True,,P01,R,カジュアル,アクセ,LOVELY MELODY,しろ,ラブリー
20031,ロックレザーレッド,SPCW10039_T01A,1,2,6,1,400,1,13,P-019,2,0,0,プロモ,54,True,True,2021年10月　マイキャラルームガチャ（10月）,True,9,P01,R,カジュアル,トップス,VIVID STAR,みどり,ダンス
20032,ロックレザーレッド,SPCW10039_B01A,1,2,11,1,400,3,15,P-020,2,0,0,,54,True,True,,True,,P01,R,カジュアル,ボトムス,VIVID STAR,しろ,ミステリアス
20033,ロックレザーレッド,SPCW10039_P01A,1,2,2,1,350,4,9,P-021,2,0,0,,54,True,True,,True,,P01,R,カジュアル,シューズ,VIVID STAR,あか,クール
20034,ロックレザーレッド,SPCW10039_I01A,1,2,2,1,350,5,10,P-022,2,0,0,,54,True,True,,True,,P01,R,カジュアル,アクセ,VIVID STAR,あか,ゴシック
20035,ガーリーデニムパープル,SPCW10074_T01A,1,1,9,1,400,1,16,P-023,2,0,0,プロモ,55,True,True,2021年10月　マイキャラルームガチャ（11月）,True,10,P01,R,カジュアル,トップス,LOVELY MELODY,むらさき,ラブリー
20036,ガーリーデニムパープル,SPCW10074_B01A,1,1,5,1,400,3,5,P-024,2,0,0,,55,True,True,,True,,P01,R,カジュアル,ボトムス,LOVELY MELODY,きいろ,ガーリー
20037,ガーリーデニムパープル,SPCW10074_P01A,1,1,11,1,350,4,6,P-025,2,0,0,,55,True,True,,True,,P01,R,カジュアル,シューズ,LOVELY MELODY,しろ,キュート
20038,ガーリーデニムパープル,SPCW10074_I01A,1,1,11,1,350,5,11,P-026,2,0,0,,55,True,True,,True,,P01,R,カジュアル,アクセ,LOVELY MELODY,しろ,ジュエル
20039,ネオンチェッカーピンク,SPCW10072_T01A,3,2,3,2,500,1,14,C-001,2,0,0,プロモ,56,True,True,2021年10月　プリマジコーデカード♪コレクショングミ vol.1,True,11,P01,SR,ライブ,トップス,VIVID STAR,ピンク,ポップ
20040,ネオンチェッカーピンク,SPCW10072_B01A,3,2,5,2,500,3,13,C-002,2,0,0,,56,True,True,,True,,P01,SR,ライブ,ボトムス,VIVID STAR,きいろ,ダンス
20041,ネオンチェッカーピンク,SPCW10072_P01A,3,2,9,2,450,4,18,C-003,2,0,0,,56,True,True,,True,,P01,SR,ライブ,シューズ,VIVID STAR,むらさき,ベーシック
20042,ネオンチェッカーピンク,SPCW10072_I01A,3,2,9,2,450,5,12,C-004,2,0,0,,56,True,True,,True,,P01,SR,ライブ,アクセ,VIVID STAR,むらさき,スポーツ
20043,ネオンチェッカーブラック,SPCW10073_T01A,3,2,10,2,500,1,9,C-005,2,0,0,プロモ,57,True,True,2021年10月　プリマジコーデカード♪コレクショングミ vol.1,False,14,P01,SR,ライブ,トップス,VIVID STAR,くろ,クール
20044,ネオンチェッカーブラック,SPCW10073_B01A,3,2,3,2,500,3,14,C-006,2,0,0,,57,True,True,,False,,P01,SR,ライブ,ボトムス,VIVID STAR,ピンク,ポップ
20045,フレッシュフラワーオレンジ,SPCW10068_T01A,1,1,4,1,400,1,5,C-007,2,0,0,プロモ,58,True,True,2021年10月　プリマジコーデカード♪コレクショングミ vol.1,True,12,P01,R,カジュアル,トップス,LOVELY MELODY,オレンジ,ガーリー
20046,フレッシュフラワーオレンジ,SPCW10068_B01A,1,1,5,1,400,3,18,C-008,2,0,0,,58,True,True,,True,,P01,R,カジュアル,ボトムス,LOVELY MELODY,きいろ,ベーシック
20047,フレッシュフラワーオレンジ,SPCW10068_P01A,1,1,4,1,350,4,6,C-009,2,0,0,,58,True,True,,True,,P01,R,カジュアル,シューズ,LOVELY MELODY,オレンジ,キュート
20048,フレッシュフラワーオレンジ,SPCW10068_I01A,1,1,4,1,350,5,2,C-010,2,0,0,,58,True,True,,True,,P01,R,カジュアル,アクセ,LOVELY MELODY,オレンジ,フラワー
20049,レースヒーローパープル,SPCW10042_T01A,3,2,11,1,400,1,14,C-011,2,0,0,プロモ,59,True,True,2021年10月　プリマジコーデカード♪コレクショングミ vol.1,True,13,P01,R,ライブ,トップス,VIVID STAR,しろ,ポップ
20050,レースヒーローパープル,SPCW10042_B01A,3,2,9,1,400,3,13,C-012,2,0,0,,59,True,True,,True,,P01,R,ライブ,ボトムス,VIVID STAR,むらさき,ダンス
20051,レースヒーローパープル,SPCW10042_P01A,3,2,7,1,350,4,12,C-013,2,0,0,,59,True,True,,True,,P01,R,ライブ,シューズ,VIVID STAR,みずいろ,スポーツ
20052,レースヒーローパープル,SPCW10042_I01A,3,2,9,1,350,5,9,C-014,2,0,0,,59,True,True,,True,,P01,R,ライブ,アクセ,VIVID STAR,むらさき,クール
20057,コスメティックオレンジ,SPCW10064_T01A,3,1,11,1,400,1,8,P-010,2,0,0,プロモ,61,True,True,2021年10月　ちゃお11月号ふろく,True,5,P01,R,ライブ,トップス,LOVELY MELODY,しろ,リボン
20058,コスメティックオレンジ,SPCW10064_B01A,3,1,4,1,400,3,6,P-011,2,0,1,,61,True,True,,True,,P01,R,ライブ,ボトムス,LOVELY MELODY,オレンジ,キュート
20059,コスメティックオレンジ,SPCW10064_P01A,3,1,4,1,350,4,16,P-012,2,0,1,,61,True,True,,True,,P01,R,ライブ,シューズ,LOVELY MELODY,オレンジ,ラブリー
20060,コスメティックオレンジ,SPCW10064_I01A,3,1,5,1,350,5,4,P-013,2,0,1,,61,True,True,,True,,P01,R,ライブ,アクセ,LOVELY MELODY,きいろ,ハート
168,ステンドグラス,SPCW20003_D01A,3,3,10,3,1200,2,4,PM2-001,4,0,0,章コーデ,1,True,True,2021年12月2日（木）?2022年2月2日（水）,True,1,P02,UR,ライブ,ワンピ,Radiant Abyss,くろ,ハート
169,ステンドグラス,SPCW20003_P01A,3,3,10,3,550,4,11,PM2-002,4,0,0,,1,True,True,,True,,P02,UR,ライブ,シューズ,Radiant Abyss,くろ,ジュエル
170,ステンドグラス,SPCW20003_I01A,3,3,10,3,550,5,10,PM2-003,4,0,0,,1,True,True,,True,,P02,UR,ライブ,アクセ,Radiant Abyss,くろ,ゴシック
171,ステンドグラスホワイト,SPCW20012_D01A,3,3,11,3,1200,2,10,PM2-004,4,0,0,章コーデ,2,True,True,2021年12月2日（木）?2022年2月2日（水）,True,2,P02,UR,ライブ,ワンピ,Radiant Abyss,しろ,ゴシック
172,ステンドグラスホワイト,SPCW20012_P01A,3,3,11,3,550,4,15,PM2-005,4,0,0,,2,True,True,,True,,P02,UR,ライブ,シューズ,Radiant Abyss,しろ,ミステリアス
173,ステンドグラスホワイト,SPCW20012_I01A,3,3,11,3,550,5,11,PM2-006,4,0,0,,2,True,True,,True,,P02,UR,ライブ,アクセ,Radiant Abyss,しろ,ジュエル
174,マナマナみゃむ,SPCW10012_D01A,3,1,7,3,1200,2,14,PM2-007,4,0,0,章コーデ,3,True,True,2021年12月2日（木）?2022年2月2日（水）,True,3,P02,UR,ライブ,ワンピ,LOVELY MELODY,みずいろ,ポップ
175,マナマナみゃむ,SPCW10012_P01A,3,1,11,3,550,4,11,PM2-008,4,0,0,,3,True,True,,True,,P02,UR,ライブ,シューズ,LOVELY MELODY,しろ,ジュエル
176,マナマナみゃむ,SPCW10012_I01A,3,1,11,3,550,5,6,PM2-009,4,0,0,,3,True,True,,True,,P02,UR,ライブ,アクセ,LOVELY MELODY,しろ,キュート
177,マナマナみゃむピンク,SPCW10124_D01A,3,1,3,3,1200,2,4,PM2-010,4,0,0,章コーデ,4,True,True,2021年12月2日（木）?2022年2月2日（水）,True,4,P02,UR,ライブ,ワンピ,LOVELY MELODY,ピンク,ハート
178,マナマナみゃむピンク,SPCW10124_P01A,3,1,11,3,550,4,6,PM2-011,4,0,0,,4,True,True,,True,,P02,UR,ライブ,シューズ,LOVELY MELODY,しろ,キュート
179,マナマナみゃむピンク,SPCW10124_I01A,3,1,11,3,550,5,14,PM2-012,4,0,0,,4,True,True,,True,,P02,UR,ライブ,アクセ,LOVELY MELODY,しろ,ポップ
180,ゴシックケープ,SPCW10049_T01A,3,3,8,2,500,1,9,PM2-013,4,0,0,章コーデ,5,True,True,2021年12月2日（木）?2022年2月2日（水）,True,5,P02,SR,ライブ,トップス,Radiant Abyss,あお,クール
181,ゴシックケープ,SPCW10049_B01A,3,3,8,2,500,3,15,PM2-014,4,0,0,,5,True,True,,True,,P02,SR,ライブ,ボトムス,Radiant Abyss,あお,ミステリアス
182,ゴシックケープ,SPCW10049_P01A,3,3,8,2,450,4,5,PM2-015,4,0,0,,5,True,True,,True,,P02,SR,ライブ,シューズ,Radiant Abyss,あお,ガーリー
183,ゴシックケープ,SPCW10049_I01A,3,3,8,2,450,5,10,PM2-016,4,0,0,,5,True,True,,True,,P02,SR,ライブ,アクセ,Radiant Abyss,あお,ゴシック
184,ゴシックケープグリーン,SPCW10049_T01A,3,3,6,2,500,1,10,PM2-017,4,0,0,章コーデ,6,True,True,2021年12月2日（木）?2022年2月2日（水）,True,6,P02,SR,ライブ,トップス,Radiant Abyss,みどり,ゴシック
185,ゴシックケープグリーン,SPCW10049_B01A,3,3,6,2,500,3,5,PM2-018,4,0,0,,6,True,True,,True,,P02,SR,ライブ,ボトムス,Radiant Abyss,みどり,ガーリー
186,ゴシックケープグリーン,SPCW10049_P01A,3,3,6,2,450,4,8,PM2-019,4,0,0,,6,True,True,,True,,P02,SR,ライブ,シューズ,Radiant Abyss,みどり,リボン
187,ゴシックケープグリーン,SPCW10049_I01A,3,3,6,2,450,5,9,PM2-020,4,0,0,,6,True,True,,True,,P02,SR,ライブ,アクセ,Radiant Abyss,みどり,クール
188,ムーンライト,SPCW10032_T01A,3,3,9,2,500,1,5,PM2-021,4,0,0,章コーデ,7,True,True,2021年12月2日（木）?2022年2月2日（水）,True,7,P02,SR,ライブ,トップス,Radiant Abyss,むらさき,ガーリー
189,ムーンライト,SPCW10032_B01A,3,3,9,2,500,3,3,PM2-022,4,0,0,,7,True,True,,True,,P02,SR,ライブ,ボトムス,Radiant Abyss,むらさき,スター
190,ムーンライト,SPCW10032_P01A,3,3,9,2,450,4,10,PM2-023,4,0,0,,7,True,True,,True,,P02,SR,ライブ,シューズ,Radiant Abyss,むらさき,ゴシック
191,ムーンライト,SPCW10032_I01A,3,3,10,2,450,5,15,PM2-024,4,0,0,,7,True,True,,True,,P02,SR,ライブ,アクセ,Radiant Abyss,くろ,ミステリアス
192,ムーンライトレッド,SPCW10105_T01A,3,3,2,2,500,1,15,PM2-025,4,0,0,章コーデ,8,True,True,2021年12月2日（木）?2022年2月2日（水）,True,8,P02,SR,ライブ,トップス,Radiant Abyss,あか,ミステリアス
193,ムーンライトレッド,SPCW10105_B01A,3,3,2,2,500,3,5,PM2-026,4,0,0,,8,True,True,,True,,P02,SR,ライブ,ボトムス,Radiant Abyss,あか,ガーリー
194,ムーンライトレッド,SPCW10105_P01A,3,3,2,2,450,4,9,PM2-027,4,0,0,,8,True,True,,True,,P02,SR,ライブ,シューズ,Radiant Abyss,あか,クール
195,ムーンライトレッド,SPCW10105_I01A,3,3,10,2,450,5,10,PM2-028,4,0,0,,8,True,True,,True,,P02,SR,ライブ,アクセ,Radiant Abyss,くろ,ゴシック
196,ドレッシーピアノ,SPCW10029_D01A,3,3,9,2,1000,2,11,PM2-029,4,0,0,章コーデ,9,True,True,2021年12月2日（木）?2022年2月2日（水）,True,9,P02,SR,ライブ,ワンピ,Radiant Abyss,むらさき,ジュエル
197,ドレッシーピアノ,SPCW10029_P01A,3,3,9,2,450,4,15,PM2-030,4,0,0,,9,True,True,,True,,P02,SR,ライブ,シューズ,Radiant Abyss,むらさき,ミステリアス
198,ドレッシーピアノ,SPCW10029_I01A,3,3,9,2,450,5,16,PM2-031,4,0,0,,9,True,True,,True,,P02,SR,ライブ,アクセ,Radiant Abyss,むらさき,ラブリー
199,ドレッシーピアノピンク,SPCW10107_D01A,3,3,3,2,1000,2,16,PM2-032,4,0,0,章コーデ,10,True,True,2021年12月2日（木）?2022年2月2日（水）,True,10,P02,SR,ライブ,ワンピ,Radiant Abyss,ピンク,ラブリー
200,ドレッシーピアノピンク,SPCW10107_P01A,3,3,3,2,450,4,8,PM2-033,4,0,0,,10,True,True,,True,,P02,SR,ライブ,シューズ,Radiant Abyss,ピンク,リボン
201,ドレッシーピアノピンク,SPCW10107_I01A,3,3,3,2,450,5,15,PM2-034,4,0,0,,10,True,True,,True,,P02,SR,ライブ,アクセ,Radiant Abyss,ピンク,ミステリアス
202,クリスマスベル,SPCW10035_T01A,3,1,2,2,500,1,6,PM2-035,4,0,0,章コーデ,11,True,True,2021年12月2日（木）?2022年2月2日（水）,True,11,P02,SR,ライブ,トップス,LOVELY MELODY,あか,キュート
203,クリスマスベル,SPCW10035_B01A,3,1,2,2,500,3,7,PM2-036,4,0,0,,11,True,True,,True,,P02,SR,ライブ,ボトムス,LOVELY MELODY,あか,チェック
204,クリスマスベル,SPCW10035_P01A,3,1,2,2,450,4,5,PM2-037,4,0,0,,11,True,True,,True,,P02,SR,ライブ,シューズ,LOVELY MELODY,あか,ガーリー
205,クリスマスベル,SPCW10035_I01A,3,1,2,2,450,5,16,PM2-038,4,0,0,,11,True,True,,True,,P02,SR,ライブ,アクセ,LOVELY MELODY,あか,ラブリー
206,クリスマスベルグリーン,SPCW10106_T01A,3,1,6,2,500,1,16,PM2-039,4,0,0,章コーデ,12,True,True,2021年12月2日（木）?2022年2月2日（水）,True,12,P02,SR,ライブ,トップス,LOVELY MELODY,みどり,ラブリー
207,クリスマスベルグリーン,SPCW10106_B01A,3,1,6,2,500,3,8,PM2-040,4,0,0,,12,True,True,,True,,P02,SR,ライブ,ボトムス,LOVELY MELODY,みどり,リボン
208,クリスマスベルグリーン,SPCW10106_P01A,3,1,6,2,450,4,7,PM2-041,4,0,0,,12,True,True,,True,,P02,SR,ライブ,シューズ,LOVELY MELODY,みどり,チェック
209,クリスマスベルグリーン,SPCW10106_I01A,3,1,6,2,450,5,6,PM2-042,4,0,0,,12,True,True,,True,,P02,SR,ライブ,アクセ,LOVELY MELODY,みどり,キュート
210,パステルマカロン,SPCW10027_T01A,3,1,9,2,500,1,5,PM2-043,4,0,0,章コーデ,13,True,True,2021年12月2日（木）?2022年2月2日（水）,True,13,P02,SR,ライブ,トップス,LOVELY MELODY,むらさき,ガーリー
211,パステルマカロン,SPCW10027_B01A,3,1,9,2,500,3,17,PM2-044,4,0,0,,13,True,True,,True,,P02,SR,ライブ,ボトムス,LOVELY MELODY,むらさき,スイーツ
212,パステルマカロン,SPCW10027_P01A,3,1,9,2,450,4,14,PM2-045,4,0,0,,13,True,True,,True,,P02,SR,ライブ,シューズ,LOVELY MELODY,むらさき,ポップ
213,パステルマカロン,SPCW10027_I01A,3,1,9,2,450,5,8,PM2-046,4,0,0,,13,True,True,,True,,P02,SR,ライブ,アクセ,LOVELY MELODY,むらさき,リボン
214,パステルマカロンオレンジ,SPCW10102_T01A,3,1,4,2,500,1,14,PM2-047,4,0,0,章コーデ,14,True,True,2021年12月2日（木）?2022年2月2日（水）,True,14,P02,SR,ライブ,トップス,LOVELY MELODY,オレンジ,ポップ
215,パステルマカロンオレンジ,SPCW10102_B01A,3,1,4,2,500,3,6,PM2-048,4,0,0,,14,True,True,,True,,P02,SR,ライブ,ボトムス,LOVELY MELODY,オレンジ,キュート
216,パステルマカロンオレンジ,SPCW10102_P01A,3,1,4,2,450,4,17,PM2-049,4,0,0,,14,True,True,,True,,P02,SR,ライブ,シューズ,LOVELY MELODY,オレンジ,スイーツ
217,パステルマカロンオレンジ,SPCW10102_I01A,3,1,4,2,450,5,16,PM2-050,4,0,0,,14,True,True,,True,,P02,SR,ライブ,アクセ,LOVELY MELODY,オレンジ,ラブリー
218,ファイティン,SPCW10060_T01A,3,2,5,1,400,1,12,PM2-051,4,0,0,章コーデ,15,True,True,2021年12月2日（木）?2022年2月2日（水）,True,15,P02,R,ライブ,トップス,VIVID STAR,きいろ,スポーツ
219,ファイティン,SPCW10060_B01A,3,2,5,1,400,3,14,PM2-052,4,0,0,,15,True,True,,True,,P02,R,ライブ,ボトムス,VIVID STAR,きいろ,ポップ
220,ファイティン,SPCW10060_P01A,3,2,2,1,350,4,18,PM2-053,4,0,0,,15,True,True,,True,,P02,R,ライブ,シューズ,VIVID STAR,あか,ベーシック
221,ファイティン,SPCW10060_I01A,3,2,2,1,350,5,6,PM2-054,4,0,0,,15,True,True,,True,,P02,R,ライブ,アクセ,VIVID STAR,あか,キュート
222,レオパードダンサー,SPCW10062_T01A,3,2,9,1,400,1,13,PM2-055,4,0,0,章コーデ,16,True,True,2021年12月2日（木）?2022年2月2日（水）,True,16,P02,R,ライブ,トップス,VIVID STAR,むらさき,ダンス
223,レオパードダンサー,SPCW10062_B01A,3,2,10,1,400,3,9,PM2-056,4,0,0,,16,True,True,,True,,P02,R,ライブ,ボトムス,VIVID STAR,くろ,クール
224,レオパードダンサー,SPCW10062_P01A,3,2,13,1,350,4,12,PM2-057,4,0,0,,16,True,True,,True,,P02,R,ライブ,シューズ,VIVID STAR,ゴールド,スポーツ
225,レオパードダンサー,SPCW10062_I01A,3,2,9,1,350,5,15,PM2-058,4,0,0,,16,True,True,,True,,P02,R,ライブ,アクセ,VIVID STAR,むらさき,ミステリアス
226,アカデミー,SPCW10028_T01A,2,3,1,1,400,1,7,PM2-059,4,0,0,章コーデ,17,True,True,2021年12月2日（木）?2022年2月2日（水）,True,17,P02,R,スタイリッシュ,トップス,Radiant Abyss,ちゃ,チェック
227,アカデミー,SPCW10028_B01A,2,3,6,1,400,3,6,PM2-060,4,0,0,,17,True,True,,True,,P02,R,スタイリッシュ,ボトムス,Radiant Abyss,みどり,キュート
228,アカデミー,SPCW10028_P01A,2,3,6,1,350,4,5,PM2-061,4,0,0,,17,True,True,,True,,P02,R,スタイリッシュ,シューズ,Radiant Abyss,みどり,ガーリー
229,アカデミー,SPCW10028_I01A,2,3,1,1,350,5,18,PM2-062,4,0,0,,17,True,True,,True,,P02,R,スタイリッシュ,アクセ,Radiant Abyss,ちゃ,ベーシック
230,リトルバロン,SPCW10036_T01A,2,3,6,1,400,1,18,PM2-063,4,0,0,章コーデ,18,True,True,2021年12月2日（木）?2022年2月2日（水）,True,18,P02,R,スタイリッシュ,トップス,Radiant Abyss,みどり,ベーシック
231,リトルバロン,SPCW10036_B01A,2,3,6,1,400,3,13,PM2-064,4,0,0,,18,True,True,,True,,P02,R,スタイリッシュ,ボトムス,Radiant Abyss,みどり,ダンス
232,リトルバロン,SPCW10036_P01A,2,3,6,1,350,4,9,PM2-065,4,0,0,,18,True,True,,True,,P02,R,スタイリッシュ,シューズ,Radiant Abyss,みどり,クール
233,リトルバロン,SPCW10036_I01A,2,3,6,1,350,5,15,PM2-066,4,0,0,,18,True,True,,True,,P02,R,スタイリッシュ,アクセ,Radiant Abyss,みどり,ミステリアス
234,レトロガール,SPCW10080_T01A,2,1,7,1,400,1,14,PM2-067,4,0,0,章コーデ,19,True,True,2021年12月2日（木）?2022年2月2日（水）,True,19,P02,R,スタイリッシュ,トップス,LOVELY MELODY,みずいろ,ポップ
235,レトロガール,SPCW10080_B01A,2,1,7,1,400,3,5,PM2-068,4,0,0,,19,True,True,,True,,P02,R,スタイリッシュ,ボトムス,LOVELY MELODY,みずいろ,ガーリー
236,レトロガール,SPCW10080_P01A,2,1,7,1,350,4,6,PM2-069,4,0,0,,19,True,True,,True,,P02,R,スタイリッシュ,シューズ,LOVELY MELODY,みずいろ,キュート
237,レトロガール,SPCW10080_I01A,2,1,7,1,350,5,16,PM2-070,4,0,0,,19,True,True,,True,,P02,R,スタイリッシュ,アクセ,LOVELY MELODY,みずいろ,ラブリー
238,チェックセットアップ,SPCW10030_T01A,2,1,11,1,400,1,7,PM2-071,4,0,0,章コーデ,20,True,True,2021年12月2日（木）?2022年2月2日（水）,True,20,P02,R,スタイリッシュ,トップス,LOVELY MELODY,しろ,チェック
239,チェックセットアップ,SPCW10030_B01A,2,1,11,1,400,3,5,PM2-072,4,0,0,,20,True,True,,True,,P02,R,スタイリッシュ,ボトムス,LOVELY MELODY,しろ,ガーリー
240,チェックセットアップ,SPCW10030_P01A,2,1,9,1,350,4,18,PM2-073,4,0,0,,20,True,True,,True,,P02,R,スタイリッシュ,シューズ,LOVELY MELODY,むらさき,ベーシック
241,チェックセットアップ,SPCW10030_I01A,2,1,11,1,350,5,8,PM2-074,4,0,0,,20,True,True,,True,,P02,R,スタイリッシュ,アクセ,LOVELY MELODY,しろ,リボン
242,チェックセットスマート,SPCW10031_B01A,2,1,11,1,400,3,18,PM2-075,4,0,0,章コーデ,21,True,True,2021年12月2日（木）?2022年2月2日（水）,True,21,P02,R,スタイリッシュ,ボトムス,LOVELY MELODY,しろ,ベーシック
243,プリマジチェックパープル,SPCW10118_T01A,2,8,9,1,400,1,5,PM2-076,4,0,0,章コーデ,22,True,True,2021年12月2日（木）?2022年2月2日（水）,True,22,P02,R,スタイリッシュ,トップス,PrismStone,むらさき,ガーリー
244,プリマジチェックパープル,SPCW10118_B01A,2,8,9,1,400,3,7,PM2-077,4,0,0,,22,True,True,,True,,P02,R,スタイリッシュ,ボトムス,PrismStone,むらさき,チェック
245,プリマジチェックパープル,SPCW10118_P01A,2,8,9,1,350,4,10,PM2-078,4,0,0,,22,True,True,,True,,P02,R,スタイリッシュ,シューズ,PrismStone,むらさき,ゴシック
246,プリマジチェックパープル,SPCW10118_I01A,2,8,9,1,350,5,6,PM2-079,4,0,0,,22,True,True,,True,,P02,R,スタイリッシュ,アクセ,PrismStone,むらさき,キュート
247,ウィンターファー,SPCW10047_T01A,1,3,7,1,400,1,15,PM2-080,4,0,0,章コーデ,23,True,True,2021年12月2日（木）?2022年2月2日（水）,True,23,P02,R,カジュアル,トップス,Radiant Abyss,みずいろ,ミステリアス
248,ウィンターファー,SPCW10047_B01A,1,3,7,1,400,3,11,PM2-081,4,0,0,,23,True,True,,True,,P02,R,カジュアル,ボトムス,Radiant Abyss,みずいろ,ジュエル
249,ウィンターファー,SPCW10047_P01A,1,3,1,1,350,4,6,PM2-082,4,0,0,,23,True,True,,True,,P02,R,カジュアル,シューズ,Radiant Abyss,ちゃ,キュート
250,ウィンターファー,SPCW10047_I01A,1,3,11,1,350,5,18,PM2-083,4,0,0,,23,True,True,,True,,P02,R,カジュアル,アクセ,Radiant Abyss,しろ,ベーシック
251,クラシックラビット,SPCW10024_D01A,1,3,2,1,800,2,5,PM2-084,4,0,0,章コーデ,24,True,True,2021年12月2日（木）?2022年2月2日（水）,True,24,P02,R,カジュアル,ワンピ,Radiant Abyss,あか,ガーリー
253,クラシックラビット,SPCW10024_P01A,1,3,2,1,350,4,10,PM2-085,4,0,0,,24,True,True,,True,,P02,R,カジュアル,シューズ,Radiant Abyss,あか,ゴシック
254,クラシックラビット,SPCW10024_I01A,1,3,10,1,350,5,19,PM2-086,4,0,0,,24,True,True,,True,,P02,R,カジュアル,アクセ,Radiant Abyss,くろ,アニマル
255,ヴィンテージコート,SPCW10052_T01A,1,3,8,1,400,1,8,PM2-087,4,0,0,章コーデ,25,True,True,2021年12月2日（木）?2022年2月2日（水）,True,25,P02,R,カジュアル,トップス,Radiant Abyss,あお,リボン
256,ヴィンテージコート,SPCW10052_B01A,1,3,8,1,400,3,15,PM2-088,4,0,0,,25,True,True,,True,,P02,R,カジュアル,ボトムス,Radiant Abyss,あお,ミステリアス
257,ヴィンテージコート,SPCW10052_P01A,1,3,8,1,350,4,9,PM2-089,4,0,0,,25,True,True,,True,,P02,R,カジュアル,シューズ,Radiant Abyss,あお,クール
258,ヴィンテージコート,SPCW10052_I01A,1,3,10,1,350,5,10,PM2-090,4,0,0,,25,True,True,,True,,P02,R,カジュアル,アクセ,Radiant Abyss,くろ,ゴシック
259,くまくまパーク,SPCW10033_T01A,1,1,3,1,400,1,6,PM2-091,4,0,0,章コーデ,26,True,True,2021年12月2日（木）?2022年2月2日（水）,True,26,P02,R,カジュアル,トップス,LOVELY MELODY,ピンク,キュート
260,くまくまパーク,SPCW10033_B01A,1,1,1,1,400,3,16,PM2-092,4,0,0,,26,True,True,,True,,P02,R,カジュアル,ボトムス,LOVELY MELODY,ちゃ,ラブリー
261,くまくまパーク,SPCW10033_P01A,1,1,1,1,350,4,5,PM2-093,4,0,0,,26,True,True,,True,,P02,R,カジュアル,シューズ,LOVELY MELODY,ちゃ,ガーリー
262,くまくまパーク,SPCW10033_I01A,1,1,11,1,350,5,19,PM2-094,4,0,0,,26,True,True,,True,,P02,R,カジュアル,アクセ,LOVELY MELODY,しろ,アニマル
263,にゃんこサスペンダー,SPCW10034_T01A,1,1,11,1,400,1,19,PM2-095,4,0,0,章コーデ,27,True,True,2021年12月2日（木）?2022年2月2日（水）,True,27,P02,R,カジュアル,トップス,LOVELY MELODY,しろ,アニマル
264,にゃんこサスペンダー,SPCW10034_B01A,1,1,5,1,400,3,6,PM2-096,4,0,0,,27,True,True,,True,,P02,R,カジュアル,ボトムス,LOVELY MELODY,きいろ,キュート
265,にゃんこサスペンダー,SPCW10034_P01A,1,1,9,1,350,4,16,PM2-097,4,0,0,,27,True,True,,True,,P02,R,カジュアル,シューズ,LOVELY MELODY,むらさき,ラブリー
266,にゃんこサスペンダー,SPCW10034_I01A,1,1,9,1,350,5,18,PM2-098,4,0,0,,27,True,True,,True,,P02,R,カジュアル,アクセ,LOVELY MELODY,むらさき,ベーシック
267,スタイリッシュパーカ,SPCW10061_T01A,1,2,11,1,400,1,14,PM2-099,4,0,0,章コーデ,28,True,True,2021年12月2日（木）?2022年2月2日（水）,True,28,P02,R,カジュアル,トップス,VIVID STAR,しろ,ポップ
268,スタイリッシュパーカ,SPCW10061_B01A,1,2,3,1,400,3,18,PM2-100,4,0,0,,28,True,True,,True,,P02,R,カジュアル,ボトムス,VIVID STAR,ピンク,ベーシック
269,スタイリッシュパーカ,SPCW10061_P01A,1,2,11,1,350,4,12,PM2-101,4,0,0,,28,True,True,,True,,P02,R,カジュアル,シューズ,VIVID STAR,しろ,スポーツ
270,スタイリッシュパーカ,SPCW10061_I01A,1,2,11,1,350,5,13,PM2-102,4,0,0,,28,True,True,,True,,P02,R,カジュアル,アクセ,VIVID STAR,しろ,ダンス
271,モッズコート,SPCW10051_D01A,1,2,6,1,800,2,9,PM2-103,4,0,0,章コーデ,29,True,True,2021年12月2日（木）?2022年2月2日（水）,True,29,P02,R,カジュアル,ワンピ,VIVID STAR,みどり,クール
272,モッズコート,SPCW10051_P01A,1,2,10,1,350,4,13,PM2-104,4,0,0,,29,True,True,,True,,P02,R,カジュアル,シューズ,VIVID STAR,くろ,ダンス
273,モッズコート,SPCW10051_I01A,1,2,9,1,350,5,14,PM2-105,4,0,0,,29,True,True,,True,,P02,R,カジュアル,アクセ,VIVID STAR,むらさき,ポップ
274,れもんスクール,SPCW10096_D01A,2,8,8,1,800,2,15,PM2-106,4,0,0,章コーデ,30,True,True,2021年12月2日（木）?2022年2月2日（水）,True,30,P02,R,スタイリッシュ,ワンピ,PrismStone,あお,ミステリアス
275,れもんスクール,SPCW10096_P01A,2,8,10,1,350,4,10,PM2-107,4,0,0,,30,True,True,,True,,P02,R,スタイリッシュ,シューズ,PrismStone,くろ,ゴシック
276,れもんスクール,SPCW10096_I01A,2,8,6,1,350,5,2,PM2-108,4,0,0,,30,True,True,,True,,P02,R,スタイリッシュ,アクセ,PrismStone,みどり,フラワー
312,フレアエレメンツ,SPCW20009_D01A,3,2,2,4,1300,2,11,PM2-147,4,0,0,エレメンツコーデ,31,True,True,2021年12月19日（日）?2022年1月19日（水）,True,1,P02,PMR,ライブ,ワンピ,VIVID STAR,あか,ジュエル
313,フレアエレメンツ,SPCW20009_P01A,3,2,2,4,600,4,15,PM2-148,4,0,0,,31,True,True,,True,,P02,PMR,ライブ,シューズ,VIVID STAR,あか,ミステリアス
314,フレアエレメンツ,SPCW20009_I01A,3,2,2,4,600,5,9,PM2-149,4,0,0,,31,True,True,,True,,P02,PMR,ライブ,アクセ,VIVID STAR,あか,クール
325,クリスマスベルピンク,SPCW10165_T01A,3,1,3,2,500,1,8,PM2-109,4,0,0,スペシャル,32,True,True,2021年12月5日（日）?2021年12月11日（土）,True,1,P02,SR,ライブ,トップス,LOVELY MELODY,ピンク,リボン
326,クリスマスベルピンク,SPCW10165_B01A,3,1,3,2,500,3,6,PM2-110,4,0,0,,32,True,True,,True,,P02,SR,ライブ,ボトムス,LOVELY MELODY,ピンク,キュート
327,クリスマスベルピンク,SPCW10165_P01A,3,1,3,2,450,4,15,PM2-111,4,0,0,,32,True,True,,True,,P02,SR,ライブ,シューズ,LOVELY MELODY,ピンク,ミステリアス
328,クリスマスベルピンク,SPCW10165_I01A,3,1,3,2,450,5,5,PM2-112,4,0,0,,32,True,True,,True,,P02,SR,ライブ,アクセ,LOVELY MELODY,ピンク,ガーリー
277,チェックセットアップピンク,SPCW10127_T01A,1,1,3,1,400,1,6,PM2-113,4,0,0,スペシャル,33,True,True,2021年12月12日（日） ?2021年12月18日（土）,True,2,P02,R,カジュアル,トップス,LOVELY MELODY,ピンク,キュート
278,チェックセットアップピンク,SPCW10127_B01A,1,1,3,1,400,3,7,PM2-114,4,0,0,,33,True,True,,True,,P02,R,カジュアル,ボトムス,LOVELY MELODY,ピンク,チェック
279,チェックセットアップピンク,SPCW10127_P01A,1,1,5,1,350,4,5,PM2-115,4,0,0,,33,True,True,,True,,P02,R,カジュアル,シューズ,LOVELY MELODY,きいろ,ガーリー
280,チェックセットアップピンク,SPCW10127_I01A,1,1,3,1,350,5,4,PM2-116,4,0,0,,33,True,True,,True,,P02,R,カジュアル,アクセ,LOVELY MELODY,ピンク,ハート
297,ウィンターファーレッド,SPCW10111_T01A,1,3,2,1,400,1,10,PM2-117,4,0,0,スペシャル,34,True,True,2021年12月19日（日）?2021年12月25日（土）,True,3,P02,R,カジュアル,トップス,Radiant Abyss,あか,ゴシック
298,ウィンターファーレッド,SPCW10111_B01A,1,3,2,1,400,3,6,PM2-118,4,0,0,,34,True,True,,True,,P02,R,カジュアル,ボトムス,Radiant Abyss,あか,キュート
299,ウィンターファーレッド,SPCW10111_P01A,1,3,1,1,350,4,18,PM2-119,4,0,0,,34,True,True,,True,,P02,R,カジュアル,シューズ,Radiant Abyss,ちゃ,ベーシック
300,ウィンターファーレッド,SPCW10111_I01A,1,3,10,1,350,5,11,PM2-120,4,0,0,,34,True,True,,True,,P02,R,カジュアル,アクセ,Radiant Abyss,くろ,ジュエル
329,ムーンライトホワイト,SPCW10032_T01A,3,3,11,2,500,1,10,PM2-121,4,0,0,スペシャル,35,True,True,2021年12月26日（日）?2022年1月1日（土）,True,4,P02,SR,ライブ,トップス,Radiant Abyss,しろ,ゴシック
330,ムーンライトホワイト,SPCW10032_B01A,3,3,11,2,500,3,9,PM2-122,4,0,0,,35,True,True,,True,,P02,SR,ライブ,ボトムス,Radiant Abyss,しろ,クール
331,ムーンライトホワイト,SPCW10032_P01A,3,3,11,2,450,4,3,PM2-123,4,0,0,,35,True,True,,True,,P02,SR,ライブ,シューズ,Radiant Abyss,しろ,スター
332,ムーンライトホワイト,SPCW10032_I01A,3,3,11,2,450,5,11,PM2-124,4,0,0,,35,True,True,,True,,P02,SR,ライブ,アクセ,Radiant Abyss,しろ,ジュエル
318,ステンドグラスクラシカル,SPCW20003_D01A,3,3,2,3,1200,2,15,PM2-125,4,0,0,スペシャル,36,True,True,2022年1月2日（日）?2022年1月8日（土）,True,5,P02,UR,ライブ,ワンピ,Radiant Abyss,あか,ミステリアス
319,ステンドグラスクラシカル,SPCW20003_P01A,3,3,11,3,550,4,9,PM2-126,4,0,0,,36,True,True,,True,,P02,UR,ライブ,シューズ,Radiant Abyss,しろ,クール
320,ステンドグラスクラシカル,SPCW20003_I01A,3,3,2,3,550,5,5,PM2-127,4,0,0,,36,True,True,,True,,P02,UR,ライブ,アクセ,Radiant Abyss,あか,ガーリー
321,ドレッシーピアノブルー,SPCW10029_D01A,3,3,7,2,1000,2,9,PM2-128,4,0,0,スペシャル,37,True,True,2022年1月2日（日）?2022年1月8日（土）,True,6,P02,SR,ライブ,ワンピ,Radiant Abyss,みずいろ,クール
322,ドレッシーピアノブルー,SPCW10029_P01A,3,3,7,2,450,4,11,PM2-129,4,0,0,,37,True,True,,True,,P02,SR,ライブ,シューズ,Radiant Abyss,みずいろ,ジュエル
323,ドレッシーピアノブルー,SPCW10029_I01A,3,3,7,2,450,5,16,PM2-130,4,0,0,,37,True,True,,True,,P02,SR,ライブ,アクセ,Radiant Abyss,みずいろ,ラブリー
281,スタイリッシュパーカオレンジ,SPCW10125_T01A,1,2,11,1,400,1,12,PM2-131,4,0,0,スペシャル,38,True,True,2022年1月9日（日）?2022年1月15日（土）,True,7,P02,R,カジュアル,トップス,VIVID STAR,しろ,スポーツ
282,スタイリッシュパーカオレンジ,SPCW10125_B01A,1,2,4,1,400,3,14,PM2-132,4,0,0,,38,True,True,,True,,P02,R,カジュアル,ボトムス,VIVID STAR,オレンジ,ポップ
283,スタイリッシュパーカオレンジ,SPCW10125_P01A,1,2,11,1,350,4,13,PM2-133,4,0,0,,38,True,True,,True,,P02,R,カジュアル,シューズ,VIVID STAR,しろ,ダンス
284,スタイリッシュパーカオレンジ,SPCW10125_I01A,1,2,11,1,350,5,9,PM2-134,4,0,0,,38,True,True,,True,,P02,R,カジュアル,アクセ,VIVID STAR,しろ,クール
293,レトロガールピンク,SPCW10112_T01A,2,1,3,1,400,1,6,PM2-135,4,0,0,スペシャル,39,True,True,2022年1月16日（日）?2022年1月22日（土）,True,8,P02,R,スタイリッシュ,トップス,LOVELY MELODY,ピンク,キュート
294,レトロガールピンク,SPCW10112_B01A,2,1,3,1,400,3,16,PM2-136,4,0,0,,39,True,True,,True,,P02,R,スタイリッシュ,ボトムス,LOVELY MELODY,ピンク,ラブリー
295,レトロガールピンク,SPCW10112_P01A,2,1,3,1,350,4,11,PM2-137,4,0,0,,39,True,True,,True,,P02,R,スタイリッシュ,シューズ,LOVELY MELODY,ピンク,ジュエル
296,レトロガールピンク,SPCW10112_I01A,2,1,3,1,350,5,5,PM2-138,4,0,0,,39,True,True,,True,,P02,R,スタイリッシュ,アクセ,LOVELY MELODY,ピンク,ガーリー
285,アカデミーブラウン,SPCW10109_T01A,2,3,1,1,400,1,9,PM2-139,4,0,0,スペシャル,40,True,True,2022年1月23日（日）?2022年1月29日（土）,True,9,P02,R,スタイリッシュ,トップス,Radiant Abyss,ちゃ,クール
286,アカデミーブラウン,SPCW10109_B01A,2,3,1,1,400,3,7,PM2-140,4,0,0,,40,True,True,,True,,P02,R,スタイリッシュ,ボトムス,Radiant Abyss,ちゃ,チェック
287,アカデミーブラウン,SPCW10109_P01A,2,3,1,1,350,4,18,PM2-141,4,0,0,,40,True,True,,True,,P02,R,スタイリッシュ,シューズ,Radiant Abyss,ちゃ,ベーシック
288,アカデミーブラウン,SPCW10109_I01A,2,3,1,1,350,5,5,PM2-142,4,0,0,,40,True,True,,True,,P02,R,スタイリッシュ,アクセ,Radiant Abyss,ちゃ,ガーリー
289,ヴィンテージコートレッド,SPCW10113_T01A,1,3,2,1,400,1,10,PM2-143,4,0,0,スペシャル,41,True,True,2022年1月30日（日）?2022年2月5日（土）,True,10,P02,R,カジュアル,トップス,Radiant Abyss,あか,ゴシック
290,ヴィンテージコートレッド,SPCW10113_B01A,1,3,2,1,400,3,9,PM2-144,4,0,0,,41,True,True,,True,,P02,R,カジュアル,ボトムス,Radiant Abyss,あか,クール
291,ヴィンテージコートレッド,SPCW10113_P01A,1,3,2,1,350,4,8,PM2-145,4,0,0,,41,True,True,,True,,P02,R,カジュアル,シューズ,Radiant Abyss,あか,リボン
292,ヴィンテージコートレッド,SPCW10113_I01A,1,3,10,1,350,5,4,PM2-146,4,0,0,,41,True,True,,True,,P02,R,カジュアル,アクセ,Radiant Abyss,くろ,ハート
308,クリスマスベルブルー,SPCW10117_T01A,3,1,7,2,500,1,7,PM2-150,4,0,0,期間限定,42,True,True,2021年12月2日（木）?2021年12月29日（水）,True,1,P02,SR,ライブ,トップス,LOVELY MELODY,みずいろ,チェック
309,クリスマスベルブルー,SPCW10117_B01A,3,1,7,2,500,3,16,PM2-151,4,0,0,,42,True,True,,True,,P02,SR,ライブ,ボトムス,LOVELY MELODY,みずいろ,ラブリー
310,クリスマスベルブルー,SPCW10117_P01A,3,1,7,2,450,4,9,PM2-152,4,0,0,,42,True,True,,True,,P02,SR,ライブ,シューズ,LOVELY MELODY,みずいろ,クール
311,クリスマスベルブルー,SPCW10117_I01A,3,1,7,2,450,5,8,PM2-153,4,0,0,,42,True,True,,True,,P02,SR,ライブ,アクセ,LOVELY MELODY,みずいろ,リボン
315,マナマナみゃむイエロー,SPCW10012_D01A,3,1,5,2,1000,2,14,PM2-154,4,0,0,期間限定,43,True,True,2022年1月6日（木）?2022年2月2日（水）,True,2,P02,SR,ライブ,ワンピ,LOVELY MELODY,きいろ,ポップ
316,マナマナみゃむイエロー,SPCW10012_P01A,3,1,5,2,450,4,4,PM2-155,4,0,0,,43,True,True,,True,,P02,SR,ライブ,シューズ,LOVELY MELODY,きいろ,ハート
317,マナマナみゃむイエロー,SPCW10012_I01A,3,1,3,2,450,5,19,PM2-156,4,0,0,,43,True,True,,True,,P02,SR,ライブ,アクセ,LOVELY MELODY,ピンク,アニマル
20073,ムーンライトグリーン,SPCW10104_T01A,3,3,6,2,500,1,3,P-031,5,0,0,プロモ,44,True,True,2021年12月　公式ファンブック　第2章,True,1,P02,SR,ライブ,トップス,Radiant Abyss,みどり,スター
20074,ムーンライトグリーン,SPCW10104_B01A,3,3,6,2,500,3,10,P-032,5,0,0,,44,True,True,,True,,P02,SR,ライブ,ボトムス,Radiant Abyss,みどり,ゴシック
20075,ムーンライトグリーン,SPCW10104_P01A,3,3,6,2,450,4,15,P-033,5,0,0,,44,True,True,,True,,P02,SR,ライブ,シューズ,Radiant Abyss,みどり,ミステリアス
20076,ムーンライトグリーン,SPCW10104_I01A,3,3,10,2,450,5,5,P-034,5,0,3,,44,True,True,,True,,P02,SR,ライブ,アクセ,Radiant Abyss,くろ,ガーリー
20077,ドレッシーピアノレッド,SPCW10108_D01A,3,3,2,2,1000,2,15,P-035,5,0,0,プロモ,45,True,True,2021年12月　ちゃお1月号ふろく,True,2,P02,SR,ライブ,ワンピ,Radiant Abyss,あか,ミステリアス
20078,ドレッシーピアノレッド,SPCW10108_P01A,3,3,2,2,450,4,16,P-036,5,0,1,,45,True,True,,True,,P02,SR,ライブ,シューズ,Radiant Abyss,あか,ラブリー
20079,ドレッシーピアノレッド,SPCW10108_I01A,3,3,2,2,450,5,8,P-037,5,0,1,,45,True,True,,True,,P02,SR,ライブ,アクセ,Radiant Abyss,あか,リボン
20080,チェックセットアップブラウン,SPCW10048_T01A,2,1,1,1,400,1,5,P-050,5,0,0,プロモ,46,True,True,2022年1月　ちゃお・ぷっちぐみ2月号　スペシャルプリマジ,True,3,P02,R,スタイリッシュ,トップス,LOVELY MELODY,ちゃ,ガーリー
20081,チェックセットアップブラウン,SPCW10048_B01A,2,1,1,1,400,3,8,P-051,5,0,0,,46,True,True,,True,,P02,R,スタイリッシュ,ボトムス,LOVELY MELODY,ちゃ,リボン
20082,チェックセットアップブラウン,SPCW10048_P01A,2,1,7,1,350,4,16,P-052,5,0,0,,46,True,True,,True,,P02,R,スタイリッシュ,シューズ,LOVELY MELODY,みずいろ,ラブリー
20083,チェックセットアップブラウン,SPCW10048_I01A,2,1,1,1,350,5,18,P-053,5,0,0,,46,True,True,,True,,P02,R,スタイリッシュ,アクセ,LOVELY MELODY,ちゃ,ベーシック
20027,ストリートライングリーン,SPCW10045_T01A,1,2,6,1,400,1,9,P-038,5,0,0,プロモ,47,True,True,2021年12月　マイキャラルームガッチャ（12月）,True,4,P02,R,カジュアル,トップス,VIVID STAR,みどり,クール
20028,ストリートライングリーン,SPCW10045_B01A,1,2,11,1,400,3,14,P-039,5,0,0,,47,True,True,,True,,P02,R,カジュアル,ボトムス,VIVID STAR,しろ,ポップ
20029,ストリートライングリーン,SPCW10045_P01A,1,2,11,1,350,4,3,P-040,5,0,0,,47,True,True,,True,,P02,R,カジュアル,シューズ,VIVID STAR,しろ,スター
20030,ストリートライングリーン,SPCW10045_I01A,1,2,2,1,350,5,12,P-041,5,0,0,,47,True,True,,True,,P02,R,カジュアル,アクセ,VIVID STAR,あか,スポーツ
20084,ギンガムジャンパーグリーン,SPCW10076_T01A,1,1,6,1,400,1,16,P-042,3,0,0,プロモ,48,True,True,2022年1月　マイキャラルームガッチャ（1月）,True,5,P02,R,カジュアル,トップス,LOVELY MELODY,みどり,ラブリー
20085,ギンガムジャンパーグリーン,SPCW10076_B01A,1,1,6,1,400,3,7,P-043,3,0,0,,48,True,True,,True,,P02,R,カジュアル,ボトムス,LOVELY MELODY,みどり,チェック
20086,ギンガムジャンパーグリーン,SPCW10076_P01A,1,1,6,1,350,4,6,P-044,3,0,0,,48,True,True,,True,,P02,R,カジュアル,シューズ,LOVELY MELODY,みどり,キュート
20087,ギンガムジャンパーグリーン,SPCW10076_I01A,1,1,11,1,350,5,18,P-045,3,0,0,,48,True,True,,True,,P02,R,カジュアル,アクセ,LOVELY MELODY,しろ,ベーシック
20088,ゴシックケープライトブルー,SPCW10049_T01A,3,3,7,2,500,1,15,P-046,5,0,0,プロモ,49,True,True,2021年12月　鈴木杏奈「Dreaming Sound」CDアニメ盤（初回生産分）,True,6,P02,SR,ライブ,トップス,Radiant Abyss,みずいろ,ミステリアス
20089,ゴシックケープライトブルー,SPCW10049_B01A,3,3,7,2,500,3,9,P-047,5,0,0,,49,True,True,,True,,P02,SR,ライブ,ボトムス,Radiant Abyss,みずいろ,クール
20090,ゴシックケープライトブルー,SPCW10049_P01A,3,3,7,2,450,4,10,P-048,5,0,0,,49,True,True,,True,,P02,SR,ライブ,シューズ,Radiant Abyss,みずいろ,ゴシック
20091,ゴシックケープライトブルー,SPCW10049_I01A,3,3,7,2,450,5,5,P-049,5,0,0,,49,True,True,,True,,P02,SR,ライブ,アクセ,Radiant Abyss,みずいろ,ガーリー
20100,ヴィンテージコートピンク,SPCW10113_T01A,1,3,3,1,400,1,6,P-054,5,0,0,プロモ,52,True,True,ガッチャモールでゲット！　HIMAWARIちゃんねるおすすめコーデ＆無料たいけんチケット,True,9,P02,R,カジュアル,トップス,Radiant Abyss,ピンク,キュート
20101,ヴィンテージコートピンク,SPCW10113_B01A,1,3,3,1,400,3,10,P-055,5,0,0,,52,True,True,,True,,P02,R,カジュアル,ボトムス,Radiant Abyss,ピンク,ゴシック
20102,ヴィンテージコートピンク,SPCW10113_P01A,1,3,3,1,350,4,5,P-056,5,0,0,,52,True,True,,True,,P02,R,カジュアル,シューズ,Radiant Abyss,ピンク,ガーリー
20103,ヴィンテージコートピンク,SPCW10113_I01A,1,3,9,1,350,5,9,P-057,5,0,0,,52,True,True,,True,,P02,R,カジュアル,アクセ,Radiant Abyss,むらさき,クール
333,エレガントジュエル,SPCW20008_D01A,3,4,11,3,1200,2,9,PM3-001,6,0,0,章コーデ,1,True,True,2022年2月3日（木）?2022年3月30日（水）,True,1,P03,UR,ライブ,ワンピ,Eternal Revue,しろ,クール
334,エレガントジュエル,SPCW20008_P01A,3,4,11,3,550,4,20,PM3-002,6,0,0,,1,True,True,,True,,P03,UR,ライブ,シューズ,Eternal Revue,しろ,エレガント
335,エレガントジュエル,SPCW20008_I01A,3,4,9,3,550,5,11,PM3-003,6,0,0,,1,True,True,,True,,P03,UR,ライブ,アクセ,Eternal Revue,むらさき,ジュエル
336,エレガントジュエルブルー,SPCW20013_D01A,3,4,11,3,1200,2,20,PM3-004,6,0,0,章コーデ,2,True,True,2022年2月3日（木）?2022年3月30日（水）,True,2,P03,UR,ライブ,ワンピ,Eternal Revue,しろ,エレガント
337,エレガントジュエルブルー,SPCW20013_P01A,3,4,11,3,550,4,11,PM3-005,6,0,0,,2,True,True,,True,,P03,UR,ライブ,シューズ,Eternal Revue,しろ,ジュエル
338,エレガントジュエルブルー,SPCW20013_I01A,3,4,5,3,550,5,15,PM3-006,6,0,0,,2,True,True,,True,,P03,UR,ライブ,アクセ,Eternal Revue,きいろ,ミステリアス
339,ハートフェザー,SPCW20004_D01A,3,1,7,3,1200,2,16,PM3-007,6,0,0,章コーデ,3,True,True,2022年2月3日（木）?2022年3月30日（水）,True,3,P03,UR,ライブ,ワンピ,LOVELY MELODY,みずいろ,ラブリー
340,ハートフェザー,SPCW20004_P01A,3,1,11,3,550,4,6,PM3-008,6,0,0,,3,True,True,,True,,P03,UR,ライブ,シューズ,LOVELY MELODY,しろ,キュート
341,ハートフェザー,SPCW20004_I01A,3,1,13,3,550,5,8,PM3-009,6,0,0,,3,True,True,,True,,P03,UR,ライブ,アクセ,LOVELY MELODY,ゴールド,リボン
342,ハートフェザーパープル,SPCW20014_D01A,3,1,9,3,1200,2,8,PM3-010,6,0,0,章コーデ,4,True,True,2022年2月3日（木）?2022年3月30日（水）,True,4,P03,UR,ライブ,ワンピ,LOVELY MELODY,むらさき,リボン
343,ハートフェザーパープル,SPCW20014_P01A,3,1,11,3,550,4,16,PM3-011,6,0,0,,4,True,True,,True,,P03,UR,ライブ,シューズ,LOVELY MELODY,しろ,ラブリー
344,ハートフェザーパープル,SPCW20014_I01A,3,1,13,3,550,5,4,PM3-012,6,0,0,,4,True,True,,True,,P03,UR,ライブ,アクセ,LOVELY MELODY,ゴールド,ハート
345,マーチンググリーン,SPCW10090_T01A,3,4,6,2,500,1,9,PM3-013,6,0,0,章コーデ,5,True,True,2022年2月3日（木）?2022年3月30日（水）,True,5,P03,SR,ライブ,トップス,Eternal Revue,みどり,クール
346,マーチンググリーン,SPCW10090_B01A,3,4,6,2,500,3,20,PM3-014,6,0,0,,5,True,True,,True,,P03,SR,ライブ,ボトムス,Eternal Revue,みどり,エレガント
347,マーチンググリーン,SPCW10090_P01A,3,4,11,2,450,4,11,PM3-015,6,0,0,,5,True,True,,True,,P03,SR,ライブ,シューズ,Eternal Revue,しろ,ジュエル
348,マーチンググリーン,SPCW10090_I01A,3,4,6,2,450,5,14,PM3-016,6,0,0,,5,True,True,,True,,P03,SR,ライブ,アクセ,Eternal Revue,みどり,ポップ
349,マーチングイエロー,SPCW10135_T01A,3,4,5,2,500,1,13,PM3-017,6,0,0,章コーデ,6,True,True,2022年2月3日（木）?2022年3月30日（水）,True,6,P03,SR,ライブ,トップス,Eternal Revue,きいろ,ダンス
350,マーチングイエロー,SPCW10135_B01A,3,4,5,2,500,3,5,PM3-018,6,0,0,,6,True,True,,True,,P03,SR,ライブ,ボトムス,Eternal Revue,きいろ,ガーリー
351,マーチングイエロー,SPCW10135_P01A,3,4,11,2,450,4,15,PM3-019,6,0,0,,6,True,True,,True,,P03,SR,ライブ,シューズ,Eternal Revue,しろ,ミステリアス
352,マーチングイエロー,SPCW10135_I01A,3,4,5,2,450,5,20,PM3-020,6,0,0,,6,True,True,,True,,P03,SR,ライブ,アクセ,Eternal Revue,きいろ,エレガント
353,ジャスティスローズ,SPCW10095_T01A,3,4,6,2,500,1,2,PM3-021,6,0,0,章コーデ,7,True,True,2022年2月3日（木）?2022年3月30日（水）,True,7,P03,SR,ライブ,トップス,Eternal Revue,みどり,フラワー
354,ジャスティスローズ,SPCW10095_B01A,3,4,6,2,500,3,15,PM3-022,6,0,0,,7,True,True,,True,,P03,SR,ライブ,ボトムス,Eternal Revue,みどり,ミステリアス
355,ジャスティスローズ,SPCW10095_P01A,3,4,10,2,450,4,9,PM3-023,6,0,0,,7,True,True,,True,,P03,SR,ライブ,シューズ,Eternal Revue,くろ,クール
356,ジャスティスローズ,SPCW10095_I01A,3,4,6,2,450,5,13,PM3-024,6,0,0,,7,True,True,,True,,P03,SR,ライブ,アクセ,Eternal Revue,みどり,ダンス
357,ジャスティスローズパープル,SPCW10159_T01A,3,4,12,2,500,1,10,PM3-025,6,0,0,章コーデ,8,True,True,2022年2月3日（木）?2022年3月30日（水）,True,8,P03,SR,ライブ,トップス,Eternal Revue,シルバー,ゴシック
358,ジャスティスローズパープル,SPCW10159_B01A,3,4,12,2,500,3,2,PM3-026,6,0,0,,8,True,True,,True,,P03,SR,ライブ,ボトムス,Eternal Revue,シルバー,フラワー
359,ジャスティスローズパープル,SPCW10159_P01A,3,4,10,2,450,4,13,PM3-027,6,0,0,,8,True,True,,True,,P03,SR,ライブ,シューズ,Eternal Revue,くろ,ダンス
360,ジャスティスローズパープル,SPCW10159_I01A,3,4,12,2,450,5,9,PM3-028,6,0,0,,8,True,True,,True,,P03,SR,ライブ,アクセ,Eternal Revue,シルバー,クール
361,ローズクイーン,SPCW10050_T01A,3,3,11,2,500,1,8,PM3-041,6,0,0,章コーデ,9,True,True,2022年2月3日（木）?2022年3月30日（水）,True,12,P03,SR,ライブ,トップス,Radiant Abyss,しろ,リボン
362,ローズクイーン,SPCW10050_B01A,3,3,2,2,500,3,7,PM3-042,6,0,0,,9,True,True,,True,,P03,SR,ライブ,ボトムス,Radiant Abyss,あか,チェック
363,ローズクイーン,SPCW10050_P01A,3,3,10,2,450,4,10,PM3-043,6,0,0,,9,True,True,,True,,P03,SR,ライブ,シューズ,Radiant Abyss,くろ,ゴシック
364,ローズクイーン,SPCW10050_I01A,3,3,2,2,450,5,2,PM3-044,6,0,0,,9,True,True,,True,,P03,SR,ライブ,アクセ,Radiant Abyss,あか,フラワー
365,ローズクイーンブルー,SPCW10158_T01A,3,3,11,2,500,1,2,PM3-045,6,0,0,章コーデ,10,True,True,2022年2月3日（木）?2022年3月30日（水）,True,13,P03,SR,ライブ,トップス,Radiant Abyss,しろ,フラワー
366,ローズクイーンブルー,SPCW10158_B01A,3,3,8,2,500,3,20,PM3-046,6,0,0,,10,True,True,,True,,P03,SR,ライブ,ボトムス,Radiant Abyss,あお,エレガント
367,ローズクイーンブルー,SPCW10158_P01A,3,3,10,2,450,4,8,PM3-047,6,0,0,,10,True,True,,True,,P03,SR,ライブ,シューズ,Radiant Abyss,くろ,リボン
368,ローズクイーンブルー,SPCW10158_I01A,3,3,8,2,450,5,10,PM3-048,6,0,0,,10,True,True,,True,,P03,SR,ライブ,アクセ,Radiant Abyss,あお,ゴシック
369,ショコラティエ,SPCW10100_T01A,3,1,1,2,500,1,5,PM3-033,6,0,0,章コーデ,11,True,True,2022年2月3日（木）?2022年3月30日（水）,True,10,P03,SR,ライブ,トップス,LOVELY MELODY,ちゃ,ガーリー
370,ショコラティエ,SPCW10100_B01A,3,1,1,2,500,3,17,PM3-034,6,0,0,,11,True,True,,True,,P03,SR,ライブ,ボトムス,LOVELY MELODY,ちゃ,スイーツ
371,ショコラティエ,SPCW10100_P01A,3,1,1,2,450,4,10,PM3-035,6,0,0,,11,True,True,,True,,P03,SR,ライブ,シューズ,LOVELY MELODY,ちゃ,ゴシック
372,ショコラティエ,SPCW10100_I01A,3,1,1,2,450,5,8,PM3-036,6,0,0,,11,True,True,,True,,P03,SR,ライブ,アクセ,LOVELY MELODY,ちゃ,リボン
373,ショコラティエピーチ,SPCW10138_T01A,3,1,3,2,500,1,6,PM3-037,6,0,0,章コーデ,12,True,True,2022年2月3日（木）?2022年3月30日（水）,True,11,P03,SR,ライブ,トップス,LOVELY MELODY,ピンク,キュート
374,ショコラティエピーチ,SPCW10138_B01A,3,1,3,2,500,3,16,PM3-038,6,0,0,,12,True,True,,True,,P03,SR,ライブ,ボトムス,LOVELY MELODY,ピンク,ラブリー
375,ショコラティエピーチ,SPCW10138_P01A,3,1,3,2,450,4,5,PM3-039,6,0,0,,12,True,True,,True,,P03,SR,ライブ,シューズ,LOVELY MELODY,ピンク,ガーリー
376,ショコラティエピーチ,SPCW10138_I01A,3,1,3,2,450,5,17,PM3-040,6,0,0,,12,True,True,,True,,P03,SR,ライブ,アクセ,LOVELY MELODY,ピンク,スイーツ
377,スチームパンク,SPCW10114_T01A,3,4,9,2,500,1,20,PM3-029,6,0,0,章コーデ,13,True,True,2022年2月3日（木）?2022年3月30日（水）,True,9,P03,SR,ライブ,トップス,Eternal Revue,むらさき,エレガント
378,スチームパンク,SPCW10114_B01A,3,4,9,2,500,3,9,PM3-030,6,0,0,,13,True,True,,True,,P03,SR,ライブ,ボトムス,Eternal Revue,むらさき,クール
379,スチームパンク,SPCW10114_P01A,3,4,1,2,450,4,10,PM3-031,6,0,0,,13,True,True,,True,,P03,SR,ライブ,シューズ,Eternal Revue,ちゃ,ゴシック
380,スチームパンク,SPCW10114_I01A,3,4,9,2,450,5,15,PM3-032,6,0,0,,13,True,True,,True,,P03,SR,ライブ,アクセ,Eternal Revue,むらさき,ミステリアス
381,トゥルーラブ,SPCW10025_D01A,3,7,2,2,1000,2,11,PM3-049,6,0,0,章コーデ,14,True,True,2022年2月3日（木）?2022年3月30日（水）,True,14,P03,SR,ライブ,ワンピ,SHINING DIVA,あか,ジュエル
382,トゥルーラブ,SPCW10025_P01A,3,7,12,2,450,4,5,PM3-050,6,0,0,,14,True,True,,True,,P03,SR,ライブ,シューズ,SHINING DIVA,シルバー,ガーリー
383,トゥルーラブ,SPCW10025_I01A,3,7,2,2,450,5,20,PM3-051,6,0,0,,14,True,True,,True,,P03,SR,ライブ,アクセ,SHINING DIVA,あか,エレガント
384,トゥルーラブゴールド,SPCW10155_D01A,3,7,9,2,1000,2,20,PM3-052,6,0,0,章コーデ,15,True,True,2022年2月3日（木）?2022年3月30日（水）,True,15,P03,SR,ライブ,ワンピ,SHINING DIVA,むらさき,エレガント
385,トゥルーラブゴールド,SPCW10155_P01A,3,7,13,2,450,4,15,PM3-053,6,0,0,,15,True,True,,True,,P03,SR,ライブ,シューズ,SHINING DIVA,ゴールド,ミステリアス
386,トゥルーラブゴールド,SPCW10155_I01A,3,7,9,2,450,5,11,PM3-054,6,0,0,,15,True,True,,True,,P03,SR,ライブ,アクセ,SHINING DIVA,むらさき,ジュエル
387,ピーコックプリマ,SPCW10089_T01A,3,3,6,1,400,1,15,PM3-059,6,0,0,章コーデ,16,True,True,2022年2月3日（木）?2022年3月30日（水）,True,17,P03,R,ライブ,トップス,Radiant Abyss,みどり,ミステリアス
388,ピーコックプリマ,SPCW10089_B01A,3,3,8,1,400,3,10,PM3-060,6,0,0,,16,True,True,,True,,P03,R,ライブ,ボトムス,Radiant Abyss,あお,ゴシック
389,ピーコックプリマ,SPCW10089_P01A,3,3,8,1,350,4,9,PM3-061,6,0,0,,16,True,True,,True,,P03,R,ライブ,シューズ,Radiant Abyss,あお,クール
390,ピーコックプリマ,SPCW10089_I01A,3,3,8,1,350,5,19,PM3-062,6,0,0,,16,True,True,,True,,P03,R,ライブ,アクセ,Radiant Abyss,あお,アニマル
391,アドベンチャー,SPCW10099_T01A,3,2,1,1,400,1,14,PM3-055,6,0,0,章コーデ,17,True,True,2022年2月3日（木）?2022年3月30日（水）,True,16,P03,R,ライブ,トップス,VIVID STAR,ちゃ,ポップ
392,アドベンチャー,SPCW10099_B01A,3,2,1,1,400,3,19,PM3-056,6,0,0,,17,True,True,,True,,P03,R,ライブ,ボトムス,VIVID STAR,ちゃ,アニマル
393,アドベンチャー,SPCW10099_P01A,3,2,1,1,350,4,12,PM3-057,6,0,0,,17,True,True,,True,,P03,R,ライブ,シューズ,VIVID STAR,ちゃ,スポーツ
394,アドベンチャー,SPCW10099_I01A,3,2,1,1,350,5,6,PM3-058,6,0,0,,17,True,True,,True,,P03,R,ライブ,アクセ,VIVID STAR,ちゃ,キュート
395,アーガイルニット,SPCW10046_T01A,2,1,7,1,400,1,4,PM3-063,6,0,0,章コーデ,18,True,True,2022年2月3日（木）?2022年3月30日（水）,True,18,P03,R,スタイリッシュ,トップス,LOVELY MELODY,みずいろ,ハート
396,アーガイルニット,SPCW10046_B01A,2,1,3,1,400,3,18,PM3-064,6,0,0,,18,True,True,,True,,P03,R,スタイリッシュ,ボトムス,LOVELY MELODY,ピンク,ベーシック
397,アーガイルニット,SPCW10046_P01A,2,1,1,1,350,4,6,PM3-065,6,0,0,,18,True,True,,True,,P03,R,スタイリッシュ,シューズ,LOVELY MELODY,ちゃ,キュート
398,アーガイルニット,SPCW10046_I01A,2,1,3,1,350,5,5,PM3-066,6,0,0,,18,True,True,,True,,P03,R,スタイリッシュ,アクセ,LOVELY MELODY,ピンク,ガーリー
399,デニムスーツ,SPCW10116_T01A,2,2,7,1,400,1,9,PM3-067,6,0,0,章コーデ,19,True,True,2022年2月3日（木）?2022年3月30日（水）,True,19,P03,R,スタイリッシュ,トップス,VIVID STAR,みずいろ,クール
400,デニムスーツ,SPCW10116_B01A,2,2,7,1,400,3,14,PM3-068,6,0,0,,19,True,True,,True,,P03,R,スタイリッシュ,ボトムス,VIVID STAR,みずいろ,ポップ
401,デニムスーツ,SPCW10116_P01A,2,2,7,1,350,4,13,PM3-069,6,0,0,,19,True,True,,True,,P03,R,スタイリッシュ,シューズ,VIVID STAR,みずいろ,ダンス
402,デニムスーツ,SPCW10116_I01A,2,2,7,1,350,5,12,PM3-070,6,0,0,,19,True,True,,True,,P03,R,スタイリッシュ,アクセ,VIVID STAR,みずいろ,スポーツ
403,スタイリッシュレディ,SPCW10123_T01A,2,2,6,1,400,1,13,PM3-071,6,0,0,章コーデ,20,True,True,2022年2月3日（木）?2022年3月30日（水）,True,20,P03,R,スタイリッシュ,トップス,VIVID STAR,みどり,ダンス
404,スタイリッシュレディ,SPCW10123_B01A,2,2,6,1,400,3,4,PM3-072,6,0,0,,20,True,True,,True,,P03,R,スタイリッシュ,ボトムス,VIVID STAR,みどり,ハート
405,スタイリッシュレディ,SPCW10123_P01A,2,2,3,1,350,4,18,PM3-073,6,0,0,,20,True,True,,True,,P03,R,スタイリッシュ,シューズ,VIVID STAR,ピンク,ベーシック
406,スタイリッシュレディ,SPCW10123_I01A,2,2,3,1,350,5,14,PM3-074,6,0,0,,20,True,True,,True,,P03,R,スタイリッシュ,アクセ,VIVID STAR,ピンク,ポップ
407,プリマジチェックレッド,SPCW10119_T01A,2,8,2,1,400,1,5,PM3-075,6,0,0,章コーデ,21,True,True,2022年2月3日（木）?2022年3月30日（水）,True,21,P03,R,スタイリッシュ,トップス,PrismStone,あか,ガーリー
408,プリマジチェックレッド,SPCW10119_B01A,2,8,2,1,400,3,9,PM3-076,6,0,0,,21,True,True,,True,,P03,R,スタイリッシュ,ボトムス,PrismStone,あか,クール
409,プリマジチェックレッド,SPCW10119_P01A,2,8,2,1,350,4,6,PM3-077,6,0,0,,21,True,True,,True,,P03,R,スタイリッシュ,シューズ,PrismStone,あか,キュート
410,プリマジチェックレッド,SPCW10119_I01A,2,8,1,1,350,5,16,PM3-078,6,0,0,,21,True,True,,True,,P03,R,スタイリッシュ,アクセ,PrismStone,ちゃ,ラブリー
411,プリマジチェックブルー,SPCW10003_T01A,2,8,7,1,400,1,16,PM3-079,6,0,0,章コーデ,22,True,True,2022年2月3日（木）?2022年3月30日（水）,True,22,P03,R,スタイリッシュ,トップス,PrismStone,みずいろ,ラブリー
412,プリマジチェックブルー,SPCW10003_B01A,2,8,7,1,400,3,5,PM3-080,6,0,0,,22,True,True,,True,,P03,R,スタイリッシュ,ボトムス,PrismStone,みずいろ,ガーリー
413,プリマジチェックブルー,SPCW10003_P01A,2,8,7,1,350,4,14,PM3-081,6,0,0,,22,True,True,,True,,P03,R,スタイリッシュ,シューズ,PrismStone,みずいろ,ポップ
414,プリマジチェックブルー,SPCW10003_I01A,2,8,7,1,350,5,7,PM3-082,6,0,0,,22,True,True,,True,,P03,R,スタイリッシュ,アクセ,PrismStone,みずいろ,チェック
415,マニッシュジャケット,SPCW10054_T01A,1,4,6,1,400,1,18,PM3-083,6,0,0,章コーデ,23,True,True,2022年2月3日（木）?2022年3月30日（水）,True,23,P03,R,カジュアル,トップス,Eternal Revue,みどり,ベーシック
416,マニッシュジャケット,SPCW10054_B01A,1,4,6,1,400,3,13,PM3-084,6,0,0,,23,True,True,,True,,P03,R,カジュアル,ボトムス,Eternal Revue,みどり,ダンス
417,マニッシュジャケット,SPCW10054_P01A,1,4,6,1,350,4,9,PM3-085,6,0,0,,23,True,True,,True,,P03,R,カジュアル,シューズ,Eternal Revue,みどり,クール
418,マニッシュジャケット,SPCW10054_I01A,1,4,10,1,350,5,10,PM3-086,6,0,0,,23,True,True,,True,,P03,R,カジュアル,アクセ,Eternal Revue,くろ,ゴシック
419,クールモード,SPCW10087_T01A,1,4,7,1,400,1,15,PM3-087,6,0,0,章コーデ,24,True,True,2022年2月3日（木）?2022年3月30日（水）,True,24,P03,R,カジュアル,トップス,Eternal Revue,みずいろ,ミステリアス
420,クールモード,SPCW10087_B01A,1,4,4,1,400,3,18,PM3-088,6,0,0,,24,True,True,,True,,P03,R,カジュアル,ボトムス,Eternal Revue,オレンジ,ベーシック
421,クールモード,SPCW10087_P01A,1,4,1,1,350,4,11,PM3-089,6,0,0,,24,True,True,,True,,P03,R,カジュアル,シューズ,Eternal Revue,ちゃ,ジュエル
422,クールモード,SPCW10087_I01A,1,4,13,1,350,5,20,PM3-090,6,0,0,,24,True,True,,True,,P03,R,カジュアル,アクセ,Eternal Revue,ゴールド,エレガント
423,ドレッシーシャツ,SPCW10098_D01A,1,4,2,1,800,2,8,PM3-091,6,0,0,章コーデ,25,True,True,2022年2月3日（木）?2022年3月30日（水）,True,25,P03,R,カジュアル,ワンピ,Eternal Revue,あか,リボン
424,ドレッシーシャツ,SPCW10098_P01A,1,4,10,1,350,4,18,PM3-092,6,0,0,,25,True,True,,True,,P03,R,カジュアル,シューズ,Eternal Revue,くろ,ベーシック
425,ドレッシーシャツ,SPCW10098_I01A,1,4,13,1,350,5,11,PM3-093,6,0,0,,25,True,True,,True,,P03,R,カジュアル,アクセ,Eternal Revue,ゴールド,ジュエル
426,ガーリーニット,SPCW10115_D01A,1,1,7,1,800,2,16,PM3-094,6,0,0,章コーデ,26,True,True,2022年2月3日（木）?2022年3月30日（水）,True,26,P03,R,カジュアル,ワンピ,LOVELY MELODY,みずいろ,ラブリー
427,ガーリーニット,SPCW10115_P01A,1,1,3,1,350,4,8,PM3-095,6,0,0,,26,True,True,,True,,P03,R,カジュアル,シューズ,LOVELY MELODY,ピンク,リボン
428,ガーリーニット,SPCW10115_I01A,1,1,3,1,350,5,6,PM3-096,6,0,0,,26,True,True,,True,,P03,R,カジュアル,アクセ,LOVELY MELODY,ピンク,キュート
429,エナメルジャンパー,SPCW10120_T01A,1,2,11,1,400,1,14,PM3-097,6,0,0,章コーデ,27,True,True,2022年2月3日（木）?2022年3月30日（水）,True,27,P03,R,カジュアル,トップス,VIVID STAR,しろ,ポップ
430,エナメルジャンパー,SPCW10120_B01A,1,2,7,1,400,3,12,PM3-098,6,0,0,,27,True,True,,True,,P03,R,カジュアル,ボトムス,VIVID STAR,みずいろ,スポーツ
431,エナメルジャンパー,SPCW10120_P01A,1,2,11,1,350,4,13,PM3-099,6,0,0,,27,True,True,,True,,P03,R,カジュアル,シューズ,VIVID STAR,しろ,ダンス
432,エナメルジャンパー,SPCW10120_I01A,1,2,7,1,350,5,18,PM3-100,6,0,0,,27,True,True,,True,,P03,R,カジュアル,アクセ,VIVID STAR,みずいろ,ベーシック
433,フローラルパターン,SPCW10037_T01A,1,3,7,1,400,1,10,PM3-101,6,0,0,章コーデ,28,True,True,2022年2月3日（木）?2022年3月30日（水）,True,28,P03,R,カジュアル,トップス,Radiant Abyss,みずいろ,ゴシック
434,フローラルパターン,SPCW10037_B01A,1,3,10,1,400,3,8,PM3-102,6,0,0,,28,True,True,,True,,P03,R,カジュアル,ボトムス,Radiant Abyss,くろ,リボン
435,フローラルパターン,SPCW10037_P01A,1,3,10,1,350,4,15,PM3-103,6,0,0,,28,True,True,,True,,P03,R,カジュアル,シューズ,Radiant Abyss,くろ,ミステリアス
436,フローラルパターン,SPCW10037_I01A,1,3,7,1,350,5,5,PM3-104,6,0,0,,28,True,True,,True,,P03,R,カジュアル,アクセ,Radiant Abyss,みずいろ,ガーリー
437,あまねスクール,SPCW10097_D01A,2,8,11,1,800,2,9,PM3-105,6,0,0,章コーデ,29,True,True,2022年2月3日（木）?2022年3月30日（水）,True,29,P03,R,スタイリッシュ,ワンピ,PrismStone,しろ,クール
438,あまねスクール,SPCW10097_P01A,2,8,11,1,350,4,20,PM3-106,6,0,0,,29,True,True,,True,,P03,R,スタイリッシュ,シューズ,PrismStone,しろ,エレガント
439,アクアエレメンツ,SPCW20016_D01A,3,4,7,4,1300,2,11,PM3-146,6,0,0,エレメンツコーデ,30,True,True,2022年3月3日（木）?2022年3月30日（水）,True,1,P03,PMR,ライブ,ワンピ,Eternal Revue,みずいろ,ジュエル
440,アクアエレメンツ,SPCW20016_P01A,3,4,7,4,600,4,20,PM3-147,6,0,0,,30,True,True,,True,,P03,PMR,ライブ,シューズ,Eternal Revue,みずいろ,エレガント
441,アクアエレメンツ,SPCW20016_I01A,3,4,12,4,600,5,15,PM3-148,6,0,0,,30,True,True,,True,,P03,PMR,ライブ,アクセ,Eternal Revue,シルバー,ミステリアス
442,ショコラティエストロベリー,SPCW10184_T01A,3,1,2,2,500,1,17,PM3-107,6,0,0,スペシャル,31,True,True,2022年2月6日（日）?2022年2月12日（土）,True,1,P03,SR,ライブ,トップス,LOVELY MELODY,あか,スイーツ
443,ショコラティエストロベリー,SPCW10184_B01A,3,1,2,2,500,3,16,PM3-108,6,0,0,,31,True,True,,True,,P03,SR,ライブ,ボトムス,LOVELY MELODY,あか,ラブリー
444,ショコラティエストロベリー,SPCW10184_P01A,3,1,2,2,450,4,8,PM3-109,6,0,0,,31,True,True,,True,,P03,SR,ライブ,シューズ,LOVELY MELODY,あか,リボン
445,ショコラティエストロベリー,SPCW10184_I01A,3,1,11,2,450,5,10,PM3-110,6,0,0,,31,True,True,,True,,P03,SR,ライブ,アクセ,LOVELY MELODY,しろ,ゴシック
446,デニムスーツホワイト,SPCW10145_T01A,2,2,11,1,400,1,13,PM3-111,6,0,0,スペシャル,32,True,True,2022年2月13日（日）?2022年2月19日（土）,True,2,P03,R,スタイリッシュ,トップス,VIVID STAR,しろ,ダンス
447,デニムスーツホワイト,SPCW10145_B01A,2,2,11,1,400,3,12,PM3-112,6,0,0,,32,True,True,,True,,P03,R,スタイリッシュ,ボトムス,VIVID STAR,しろ,スポーツ
448,デニムスーツホワイト,SPCW10145_P01A,2,2,11,1,350,4,9,PM3-113,6,0,0,,32,True,True,,True,,P03,R,スタイリッシュ,シューズ,VIVID STAR,しろ,クール
449,デニムスーツホワイト,SPCW10145_I01A,2,2,11,1,350,5,8,PM3-114,6,0,0,,32,True,True,,True,,P03,R,スタイリッシュ,アクセ,VIVID STAR,しろ,リボン
450,アーガイルニットパープル,SPCW10154_T01A,2,1,11,1,400,1,6,PM3-115,6,0,0,スペシャル,33,True,True,2022年2月20日（日）?2022年2月26日（土）,True,3,P03,R,スタイリッシュ,トップス,LOVELY MELODY,しろ,キュート
451,アーガイルニットパープル,SPCW10154_B01A,2,1,9,1,400,3,5,PM3-116,6,0,0,,33,True,True,,True,,P03,R,スタイリッシュ,ボトムス,LOVELY MELODY,むらさき,ガーリー
452,アーガイルニットパープル,SPCW10154_P01A,2,1,1,1,350,4,14,PM3-117,6,0,0,,33,True,True,,True,,P03,R,スタイリッシュ,シューズ,LOVELY MELODY,ちゃ,ポップ
453,アーガイルニットパープル,SPCW10154_I01A,2,1,9,1,350,5,18,PM3-118,6,0,0,,33,True,True,,True,,P03,R,スタイリッシュ,アクセ,LOVELY MELODY,むらさき,ベーシック
454,エナメルジャンパーパープル,SPCW10197_T01A,1,2,9,1,400,1,9,PM3-119,6,0,0,スペシャル,34,True,True,2022年2月27日（日）?2022年3月5日（土）,True,4,P03,R,カジュアル,トップス,VIVID STAR,むらさき,クール
455,エナメルジャンパーパープル,SPCW10197_B01A,1,2,6,1,400,3,18,PM3-120,6,0,0,,34,True,True,,True,,P03,R,カジュアル,ボトムス,VIVID STAR,みどり,ベーシック
456,エナメルジャンパーパープル,SPCW10197_P01A,1,2,9,1,350,4,6,PM3-121,6,0,0,,34,True,True,,True,,P03,R,カジュアル,シューズ,VIVID STAR,むらさき,キュート
457,エナメルジャンパーパープル,SPCW10197_I01A,1,2,9,1,350,5,12,PM3-122,6,0,0,,34,True,True,,True,,P03,R,カジュアル,アクセ,VIVID STAR,むらさき,スポーツ
458,ローズクイーングリーン,SPCW10186_T01A,3,3,11,2,500,1,16,PM3-123,6,0,0,スペシャル,35,True,True,2022年3月6日（日）?2022年3月12日（土）,True,5,P03,SR,ライブ,トップス,Radiant Abyss,しろ,ラブリー
459,ローズクイーングリーン,SPCW10186_B01A,3,3,6,2,500,3,10,PM3-124,6,0,0,,35,True,True,,True,,P03,SR,ライブ,ボトムス,Radiant Abyss,みどり,ゴシック
460,ローズクイーングリーン,SPCW10186_P01A,3,3,10,2,450,4,20,PM3-125,6,0,0,,35,True,True,,True,,P03,SR,ライブ,シューズ,Radiant Abyss,くろ,エレガント
461,ローズクイーングリーン,SPCW10186_I01A,3,3,6,2,450,5,2,PM3-126,6,0,0,,35,True,True,,True,,P03,SR,ライブ,アクセ,Radiant Abyss,みどり,フラワー
462,ピーコックプリマボルドー,SPCW10137_T01A,3,3,12,1,400,1,20,PM3-127,6,0,0,スペシャル,36,True,True,2022年3月13日（日）?2022年3月19日（土）,True,6,P03,R,ライブ,トップス,Radiant Abyss,シルバー,エレガント
463,ピーコックプリマボルドー,SPCW10137_B01A,3,3,2,1,400,3,15,PM3-128,6,0,0,,36,True,True,,True,,P03,R,ライブ,ボトムス,Radiant Abyss,あか,ミステリアス
464,ピーコックプリマボルドー,SPCW10137_P01A,3,3,2,1,350,4,19,PM3-129,6,0,0,,36,True,True,,True,,P03,R,ライブ,シューズ,Radiant Abyss,あか,アニマル
465,ピーコックプリマボルドー,SPCW10137_I01A,3,3,2,1,350,5,10,PM3-130,6,0,0,,36,True,True,,True,,P03,R,ライブ,アクセ,Radiant Abyss,あか,ゴシック
466,ガーリーニットホワイト,SPCW10144_D01A,1,1,11,1,800,2,6,PM3-131,6,0,0,スペシャル,37,True,True,2022年3月20日（日）?2022年3月26日（土）,True,7,P03,R,カジュアル,ワンピ,LOVELY MELODY,しろ,キュート
467,ガーリーニットホワイト,SPCW10144_P01A,1,1,5,1,350,4,16,PM3-132,6,0,0,,37,True,True,,True,,P03,R,カジュアル,シューズ,LOVELY MELODY,きいろ,ラブリー
468,ガーリーニットホワイト,SPCW10144_I01A,1,1,8,1,350,5,4,PM3-133,6,0,0,,37,True,True,,True,,P03,R,カジュアル,アクセ,LOVELY MELODY,あお,ハート
469,スチームパンクブルー,SPCW10156_T01A,3,4,8,2,500,1,10,PM3-134,6,0,0,スペシャル,38,True,True,2022年3月27日（日）?2022年3月30日（水）,True,8,P03,SR,ライブ,トップス,Eternal Revue,あお,ゴシック
470,スチームパンクブルー,SPCW10156_B01A,3,4,8,2,500,3,5,PM3-135,6,0,0,,38,True,True,,True,,P03,SR,ライブ,ボトムス,Eternal Revue,あお,ガーリー
471,スチームパンクブルー,SPCW10156_P01A,3,4,1,2,450,4,15,PM3-136,6,0,0,,38,True,True,,True,,P03,SR,ライブ,シューズ,Eternal Revue,ちゃ,ミステリアス
472,スチームパンクブルー,SPCW10156_I01A,3,4,8,2,450,5,20,PM3-137,6,0,0,,38,True,True,,True,,P03,SR,ライブ,アクセ,Eternal Revue,あお,エレガント
473,ショコラティエホワイト,SPCW10183_T01A,3,1,11,2,500,1,16,PM3-138,6,0,0,期間限定,39,True,True,2022年2月3日（木）?2022年3月2日（水）,True,1,P03,SR,ライブ,トップス,LOVELY MELODY,しろ,ラブリー
474,ショコラティエホワイト,SPCW10183_B01A,3,1,11,2,500,3,14,PM3-139,6,0,0,,39,True,True,,True,,P03,SR,ライブ,ボトムス,LOVELY MELODY,しろ,ポップ
475,ショコラティエホワイト,SPCW10183_P01A,3,1,11,2,450,4,17,PM3-140,6,0,0,,39,True,True,,True,,P03,SR,ライブ,シューズ,LOVELY MELODY,しろ,スイーツ
476,ショコラティエホワイト,SPCW10183_I01A,3,1,11,2,450,5,5,PM3-141,6,0,0,,39,True,True,,True,,P03,SR,ライブ,アクセ,LOVELY MELODY,しろ,ガーリー
20104,マーチングレッド,SPCW10136_T01A,3,4,2,2,500,1,20,P-058,7,0,3,プロモ,41,True,True,2022年2月　公式ファンブック　第3章,True,1,P03,SR,ライブ,トップス,Eternal Revue,あか,エレガント
20105,マーチングレッド,SPCW10136_B01A,3,4,2,2,500,3,16,P-059,7,0,3,,41,True,True,,True,,P03,SR,ライブ,ボトムス,Eternal Revue,あか,ラブリー
20106,マーチングレッド,SPCW10136_P01A,3,4,11,2,450,4,10,P-060,7,0,3,,41,True,True,,True,,P03,SR,ライブ,シューズ,Eternal Revue,しろ,ゴシック
20107,マーチングレッド,SPCW10136_I01A,3,4,2,2,450,5,9,P-061,7,0,3,,41,True,True,,True,,P03,SR,ライブ,アクセ,Eternal Revue,あか,クール
20108,アーガイルニットミント,SPCW10140_T01A,2,1,3,1,400,1,5,P-070,7,0,0,プロモ,42,True,True,2022年3月　ちゃお・ぷっちぐみ4月号　スペシャルプリマジ,True,2,P03,R,スタイリッシュ,トップス,LOVELY MELODY,ピンク,ガーリー
20109,アーガイルニットミント,SPCW10140_B01A,2,1,6,1,400,3,4,P-071,7,0,0,,42,True,True,,True,,P03,R,スタイリッシュ,ボトムス,LOVELY MELODY,みどり,ハート
20110,アーガイルニットミント,SPCW10140_P01A,2,1,7,1,350,4,18,P-072,7,0,0,,42,True,True,,True,,P03,R,スタイリッシュ,シューズ,LOVELY MELODY,みずいろ,ベーシック
20111,アーガイルニットミント,SPCW10140_I01A,2,1,6,1,350,5,13,P-073,7,0,0,,42,True,True,,True,,P03,R,スタイリッシュ,アクセ,LOVELY MELODY,みどり,ダンス
20006,コスメティックグリーン,SPCW10063_T01A,3,1,11,1,400,1,6,P-062,2,0,0,プロモ,43,True,True,2022年2月　マイキャラルームガッチャ（2月3日〜2月28日）,True,3,P03,R,ライブ,トップス,LOVELY MELODY,しろ,キュート
20007,コスメティックグリーン,SPCW10063_B01A,3,1,7,1,400,3,7,P-063,2,0,0,,43,True,True,,True,,P03,R,ライブ,ボトムス,LOVELY MELODY,みずいろ,チェック
20008,コスメティックグリーン,SPCW10063_P01A,3,1,7,1,350,4,16,P-064,2,0,0,,43,True,True,,True,,P03,R,ライブ,シューズ,LOVELY MELODY,みずいろ,ラブリー
20009,コスメティックグリーン,SPCW10063_I01A,3,1,6,1,350,5,11,P-065,2,0,0,,43,True,True,,True,,P03,R,ライブ,アクセ,LOVELY MELODY,みどり,ジュエル
20112,アクティブダンスレッド,SPCW10075_T01A,1,2,2,1,400,1,3,P-066,7,0,0,プロモ,44,True,True,2022年3月　マイキャラルームガッチャ（3月1日〜3月30日）,True,4,P03,R,カジュアル,トップス,VIVID STAR,あか,スター
20113,アクティブダンスレッド,SPCW10075_B01A,1,2,9,1,400,3,14,P-067,7,0,0,,44,True,True,,True,,P03,R,カジュアル,ボトムス,VIVID STAR,むらさき,ポップ
20114,アクティブダンスレッド,SPCW10075_P01A,1,2,2,1,350,4,18,P-068,7,0,0,,44,True,True,,True,,P03,R,カジュアル,シューズ,VIVID STAR,あか,ベーシック
20115,アクティブダンスレッド,SPCW10075_I01A,1,2,9,1,350,5,9,P-069,7,0,0,,44,True,True,,True,,P03,R,カジュアル,アクセ,VIVID STAR,むらさき,クール
20116,スチームパンクレッド,SPCW10168_T01A,3,4,2,2,500,1,9,P-074,6,0,0,プロモ,47,True,True,2022年3月　モーリーファンタジー・PALO　ゲットキャンペーン,True,7,P03,SR,ライブ,トップス,Eternal Revue,あか,クール
20117,スチームパンクレッド,SPCW10168_B01A,3,4,2,2,500,3,20,P-075,6,0,0,,47,True,True,,True,,P03,SR,ライブ,ボトムス,Eternal Revue,あか,エレガント
20118,スチームパンクレッド,SPCW10168_P01A,3,4,1,2,450,4,5,P-076,6,0,0,,47,True,True,,True,,P03,SR,ライブ,シューズ,Eternal Revue,ちゃ,ガーリー
20119,スチームパンクレッド,SPCW10168_I01A,3,4,2,2,450,5,13,P-077,6,0,0,,47,True,True,,True,,P03,SR,ライブ,アクセ,Eternal Revue,あか,ダンス
20120,ショコラティエミント,SPCW10139_T01A,3,1,6,2,500,1,4,P-078,6,0,0,プロモ,48,True,True,2022年3月　ナムコ　ゲットチャンス,True,8,P03,SR,ライブ,トップス,LOVELY MELODY,みどり,ハート
20121,ショコラティエミント,SPCW10139_B01A,3,1,6,2,500,3,6,P-079,6,0,0,,48,True,True,,True,,P03,SR,ライブ,ボトムス,LOVELY MELODY,みどり,キュート
20122,ショコラティエミント,SPCW10139_P01A,3,1,6,2,450,4,14,P-080,6,0,0,,48,True,True,,True,,P03,SR,ライブ,シューズ,LOVELY MELODY,みどり,ポップ
20123,ショコラティエミント,SPCW10139_I01A,3,1,6,2,450,5,16,P-081,6,0,0,,48,True,True,,True,,P03,SR,ライブ,アクセ,LOVELY MELODY,みどり,ラブリー
20124,ローズクイーンパープル,SPCW10163_T01A,3,3,11,2,500,1,20,C-015,7,0,0,プロモ,49,True,True,2022年2月　プリマジコーデカード♪コレクショングミ vol.2,True,9,P03,SR,ライブ,トップス,Radiant Abyss,しろ,エレガント
20125,ローズクイーンパープル,SPCW10163_B01A,3,3,9,2,500,3,2,C-016,7,0,0,,49,True,True,,True,,P03,SR,ライブ,ボトムス,Radiant Abyss,むらさき,フラワー
20126,ローズクイーンパープル,SPCW10163_P01A,3,3,10,2,450,4,7,C-017,7,0,0,,49,True,True,,True,,P03,SR,ライブ,シューズ,Radiant Abyss,くろ,チェック
20127,ローズクイーンパープル,SPCW10163_I01A,3,3,9,2,450,5,5,C-018,7,0,0,,49,True,True,,True,,P03,SR,ライブ,アクセ,Radiant Abyss,むらさき,ガーリー
20128,ローズクイーンピンク,SPCW10164_T01A,3,3,3,2,500,1,10,C-019,7,0,0,プロモ,50,True,True,2022年2月　プリマジコーデカード♪コレクショングミ vol.2,False,10,P03,SR,ライブ,トップス,Radiant Abyss,ピンク,ゴシック
20129,ローズクイーンピンク,SPCW10164_B01A,3,3,3,2,500,3,6,C-020,7,0,0,,50,True,True,,False,,P03,SR,ライブ,ボトムス,Radiant Abyss,ピンク,キュート
20130,エナメルジャンパーレッド,SPCW10141_T01A,1,2,10,1,400,1,12,C-021,7,0,0,プロモ,51,True,True,2022年2月　プリマジコーデカード♪コレクショングミ vol.2,True,11,P03,R,カジュアル,トップス,VIVID STAR,くろ,スポーツ
20131,エナメルジャンパーレッド,SPCW10141_B01A,1,2,2,1,400,3,6,C-022,7,0,0,,51,True,True,,True,,P03,R,カジュアル,ボトムス,VIVID STAR,あか,キュート
20132,エナメルジャンパーレッド,SPCW10141_P01A,1,2,10,1,350,4,14,C-023,7,0,0,,51,True,True,,True,,P03,R,カジュアル,シューズ,VIVID STAR,くろ,ポップ
20133,エナメルジャンパーレッド,SPCW10141_I01A,1,2,2,1,350,5,13,C-024,7,0,0,,51,True,True,,True,,P03,R,カジュアル,アクセ,VIVID STAR,あか,ダンス
20134,クールモードホワイト,SPCW10150_T01A,1,4,11,1,400,1,5,C-025,7,0,0,プロモ,52,True,True,2022年2月　プリマジコーデカード♪コレクショングミ vol.2,True,12,P03,R,カジュアル,トップス,Eternal Revue,しろ,ガーリー
20135,クールモードホワイト,SPCW10150_B01A,1,4,6,1,400,3,13,C-026,7,0,0,,52,True,True,,True,,P03,R,カジュアル,ボトムス,Eternal Revue,みどり,ダンス
20136,クールモードホワイト,SPCW10150_P01A,1,4,6,1,350,4,9,C-027,7,0,0,,52,True,True,,True,,P03,R,カジュアル,シューズ,Eternal Revue,みどり,クール
20137,クールモードホワイト,SPCW10150_I01A,1,4,13,1,350,5,18,C-028,7,0,0,,52,True,True,,True,,P03,R,カジュアル,アクセ,Eternal Revue,ゴールド,ベーシック
20145,バナナチョコクレープ,SPCW10180_T01A,3,1,5,2,500,1,8,P-082,7,0,5,プロモ,53,True,True,2022年3月　ディッパーダンコラボ,True,13,P03,SR,ライブ,トップス,LOVELY MELODY,きいろ,リボン
20146,バナナチョコクレープ,SPCW10180_B01A,3,1,11,2,500,3,17,P-083,7,0,5,,53,True,True,,True,,P03,SR,ライブ,ボトムス,LOVELY MELODY,しろ,スイーツ
20147,バナナチョコクレープ,SPCW10180_P01A,3,1,5,2,450,4,5,P-084,7,0,5,,53,True,True,,True,,P03,SR,ライブ,シューズ,LOVELY MELODY,きいろ,ガーリー
20148,バナナチョコクレープ,SPCW10180_I01A,3,1,1,2,450,5,14,P-085,7,0,5,,53,True,True,,True,,P03,SR,ライブ,アクセ,LOVELY MELODY,ちゃ,ポップ
20149,キラパワサニーキラリ,SPCW10131_T01A,3,8,3,2,500,1,14,PM3-142,6,0,4,期間限定,54,True,True,2022年2月3日（木）?3月30日（水）,True,2,P03,SR,ライブ,トップス,PrismStone,ピンク,ポップ
20150,キラパワサニーキラリ,SPCW10131_B01A,3,8,3,2,500,3,7,PM3-143,6,0,4,,54,True,True,,True,,P03,SR,ライブ,ボトムス,PrismStone,ピンク,チェック
20151,キラパワサニーキラリ,SPCW10131_P01A,3,8,11,2,450,4,6,PM3-144,6,0,4,,54,True,True,,True,,P03,SR,ライブ,シューズ,PrismStone,しろ,キュート
20152,キラパワサニーキラリ,SPCW10131_I01A,3,8,10,2,450,5,12,PM3-145,6,0,4,,54,True,True,,True,,P03,SR,ライブ,アクセ,PrismStone,くろ,スポーツ
