id,fileName,isNew,date,categoryName,partsName,psd,getType,modalText,destination,url,categoryId,getTypeId,
id000,0,False,2021.09.16,フェイス,おとめ,,さいしょにえらべる,,,,0,0,
id001,1,False,2021.09.16,フェイス,げんき,,さいしょにえらべる,,,,0,0,
id002,2,False,2021.09.16,フェイス,ほんわか,,さいしょにえらべる,,,,0,0,
id003,3,False,2021.09.16,フェイス,ひたむき,,さいしょにえらべる,,,,0,0,
id004,4,False,2021.09.16,フェイス,ハツラツ,,さいしょにえらべる,,,,0,0,
id005,5,False,2021.09.16,フェイス,ビューティ,,さいしょにえらべる,,,,0,0,
id100,0,False,2021.09.16,スキン,A,,さいしょにえらべる,,,,1,0,
id101,1,False,2021.09.16,スキン,B,,さいしょにえらべる,,,,1,0,
id102,2,False,2021.09.16,スキン,C,,さいしょにえらべる,,,,1,0,
id103,3,False,2021.09.16,スキン,D,,さいしょにえらべる,,,,1,0,
id104,4,False,2021.09.16,スキン,E,,さいしょにえらべる,,,,1,0,
id105,5,False,2021.09.16,スキン,F,,さいしょにえらべる,,,,1,0,
id200,0,False,2021.09.16,ボイス,いきいき,,さいしょにえらべる,,,,2,0,
id201,1,False,2021.09.16,ボイス,ふんわり,,さいしょにえらべる,,,,2,0,
id202,2,False,2021.09.16,ボイス,まっすぐ,,さいしょにえらべる,,,,2,0,
id203,3,False,2021.09.16,ボイス,クール,,さいしょにえらべる,,,,2,0,
id300,0,False,2021.09.16,ヘアカラー,オータムローズ,,さいしょにえらべる,,,,3,0,
id301,1,False,2021.09.16,ヘアカラー,ブラックキャット,,さいしょにえらべる,,,,3,0,
id302,2,False,2021.09.16,ヘアカラー,ハニーゴールド,,さいしょにえらべる,,,,3,0,
id303,3,False,2021.09.16,ヘアカラー,アクアマリン,,さいしょにえらべる,,,,3,0,
id304,4,False,2021.09.16,ヘアカラー,ピーチミルク,,さいしょにえらべる,,,,3,0,
id305,5,False,2021.09.16,ヘアカラー,ターコイズジュエリー,,さいしょにえらべる,,,,3,0,
id319,9,False,2021.09.16,ヘアカラー,マンダリンオレンジ,,ランクアップでゲット,プリマジスタランクが２になる,,,3,1,
id316,6,False,2021.09.16,ヘアカラー,ミルクティベージュ,,ランクアップでゲット,プリマジスタランクが6になる,,,3,1,
id3110,10,False,2021.09.16,ヘアカラー,プラチナムーン,,ランクアップでゲット,プリマジスタランクが12になる,,,3,1,
id317,7,False,2021.09.16,ヘアカラー,ビタールージュ,,ランクアップでゲット,プリマジスタランクが16になる,,,3,1,
id318,8,False,2021.09.16,ヘアカラー,イブニングダリア,,ランクアップでゲット,プリマジスタランクが19になる,,,3,1,
id3211,11,False,2021.09.16,ヘアカラー,ときめきハート,,イベント・キャンペーンでゲット,プリ☆チャン会員証連動,,/event/details03/,3,2,
id3212,12,False,2021.09.16,ヘアカラー,キラッとピンク,,イベント・キャンペーンでゲット,プリ☆チャンスターキャンペーン,,/event/details03/,3,2,
id500,0,False,2021.09.16,ヘアスタイル,あこがれロング,,さいしょにえらべる,,,,5,0,
id501,1,False,2021.09.16,ヘアスタイル,チアフルボブ,,さいしょにえらべる,,,,5,0,
id502,2,False,2021.09.16,ヘアスタイル,ときめきツインテール,,さいしょにえらべる,,,,5,0,
id503,3,False,2021.09.16,ヘアスタイル,モダンクールポニー,,さいしょにえらべる,,,,5,0,
id516,6,False,2021.09.16,ヘアスタイル,ナチュラルボブ,,ランクアップでゲット,プリマジスタランクが3になる,,,5,1,
id514,4,False,2021.09.16,ヘアスタイル,おとめハーフアップ,,ランクアップでゲット,プリマジスタランクが10になる,,,5,1,
id515,5,False,2021.09.16,ヘアスタイル,プリンスウルフ,,ランクアップでゲット,プリマジスタランクが15になる,,,5,1,
id517,7,False,2021.09.16,ヘアスタイル,おじょうさまシニヨン,,ランクアップでゲット,プリマジスタランクが20になる,,,5,1,
id600,0,False,2021.09.16,まえがみ,オンまゆシースルー,,さいしょにえらべる,,,,6,0,
id601,1,False,2021.09.16,まえがみ,ドーリィ,,さいしょにえらべる,,,,6,0,
id613,3,False,2021.09.16,まえがみ,せのびみつあみ,,ランクアップでゲット,プリマジスタランクが5になる,,,6,1,
id612,2,False,2021.09.16,まえがみ,かきあげウェーブ,,ランクアップでゲット,プリマジスタランクが8になる,,,6,1,
id614,4,False,2021.09.16,まえがみ,ぱっつんシースルー,,ランクアップでゲット,プリマジスタランクが17になる,,,6,1,
id700,0,False,2021.09.16,アイカラー,スカイブルー,,さいしょにえらべる,,,,7,0,
id701,1,False,2021.09.16,アイカラー,アンティークウッド,,さいしょにえらべる,,,,7,0,
id702,2,False,2021.09.16,アイカラー,シークレットノワール,,さいしょにえらべる,,,,7,0,
id703,3,False,2021.09.16,アイカラー,フレイムレッド,,さいしょにえらべる,,,,7,0,
id714,4,False,2021.09.16,アイカラー,アイスエメラルド,,ランクアップでゲット,プリマジスタランクが4になる,,,7,1,
id715,5,False,2021.09.16,アイカラー,クラシックアメジスト,,ランクアップでゲット,プリマジスタランクが14になる,,,7,1,
id726,6,False,2021.09.16,アイカラー,きらめきドリーム,,イベント・キャンペーンでゲット,プリ☆チャン会員証連動,,/event/details03/,7,2,
id727,7,False,2021.09.16,アイカラー,キラッとスター,,イベント・キャンペーンでゲット,"プリ☆チャンスターキャンペーン
",,/event/details03/,7,2,
id800,0,False,2021.09.16,アイシャドウ,ふわっとアプリコット,,さいしょにえらべる,,,,8,0,
id811,1,False,2021.09.16,アイシャドウ,コズミックオレンジ,,ランクアップでゲット,プリマジスタランクが9になる,,,8,1,
id910,0,False,2021.09.16,めがね,じょうひんメガネ,,ランクアップでゲット,"プリマジスタランクが７になる
",,,9,1,
id1010,0,False,2021.09.16,アクセント,なきぼくろ,,ランクアップでゲット,"プリマジスタランクが７になる
",,,10,1,
id1110,0,False,2021.09.16,チーク,あからめアップル,,ランクアップでゲット,プリマジスタランクが７になる,,,11,1,
id1111,1,False,2021.09.16,チーク,スターパーティー,,ランクアップでゲット,プリマジスタランクが18になる,,,11,1,
id1210,0,False,2021.09.16,リップ,ぷっくりアプリコット,,ランクアップでゲット,"プリマジスタランクが７になる
",,,12,1,
id1311,1,False,2021.09.16,イヤリング,ハピネスマーガレット,,ランクアップでゲット,プリマジスタランクが７になる,,,13,1,
id1310,0,False,2021.09.16,イヤリング,スターリング,,ランクアップでゲット,プリマジスタランクが11になる,,,13,1,
id1411,1,False,2021.09.16,ネイル,クリアミント,,ランクアップでゲット,プリマジスタランクが７になる,,,14,1,
id1410,0,False,2021.09.16,ネイル,カラフルスポーティ,,ランクアップでゲット,プリマジスタランクが13になる,,,14,1,
id3113,13,False,2021.11.18,ヘアカラー,グリーンアップル,,ランクアップでゲット,プリマジスタランクが23になる,,,3,1,
id3114,14,False,2021.11.18,ヘアカラー,パウダースノー,,ランクアップでゲット,プリマジスタランクが28になる,,,3,1,
id518,8,False,2021.11.18,ヘアスタイル,リボンヘア,,ランクアップでゲット,プリマジスタランクが24になる,,,5,1,
id519,9,False,2021.11.18,ヘアスタイル,ピュアサイドポニー,,ランクアップでゲット,プリマジスタランクが27になる,,,5,1,
id5110,10,False,2021.11.18,ヘアスタイル,ふんわりツインテール,,ランクアップでゲット,プリマジスタランクが30になる,,,5,1,
id615,5,False,2021.11.18,まえがみ,ナナメバング,,ランクアップでゲット,プリマジスタランクが22になる,,,6,1,
id718,8,False,2021.11.18,アイカラー,シトラスレモネード,,ランクアップでゲット,プリマジスタランクが21になる,,,7,1,
id1211,1,False,2021.11.18,リップ,ダークレッドリップ,,ランクアップでゲット,プリマジスタランクが29になる,,,12,1,
id1312,2,False,2021.11.18,イヤリング,ステンドグラス,,ランクアップでゲット,プリマジスタランクが25になる,,,13,1,
id1412,2,False,2021.11.18,ネイル,レディレッド,,ランクアップでゲット,プリマジスタランクが26になる,,,14,1,
id3215,15,False,2022.01.06,ヘアカラー,フレアバーニング,,イベント・キャンペーンでゲット,"「メイクアップチャレンジ〜フレアエレメンツ〜」開催期間中にプリマジを5回プレイする
",イベント詳細ページ,/event/details16/,3,2,
id1423,3,False,2022.01.06,ネイル,フレアネイル,,イベント・キャンペーンでゲット,"「メイクアップチャレンジ〜フレアエレメンツ〜」開催期間中にプリマジを10回プレイする
",イベント詳細ページ,/event/details16/,14,2,
id1122,2,False,2022.01.06,チーク,フレアウィング,,イベント・キャンペーンでゲット,"「メイクアップチャレンジ〜フレアエレメンツ〜」開催期間中にプリマジを15回プレイする
",イベント詳細ページ,/event/details16/,11,2,
id729,9,False,2022.01.06,アイカラー,フレアなひとみ,,イベント・キャンペーンでゲット,"「メイクアップチャレンジ〜フレアエレメンツ〜」開催期間中にプリマジを20回プレイする
",イベント詳細ページ,/event/details16/,7,2,
id3116,16,False,2022.01.20,ヘアカラー,クリーミーラベンダー,,ランクアップでゲット,プリマジスタランクが34になる,,,3,1,
id3117,17,False,2022.01.20,ヘアカラー,ロマンスアッシュ,,ランクアップでゲット,プリマジスタランクが37になる,,,3,1,
id3218,18,False,2022.01.20,ヘアカラー,ディープフォレスト,,イベント・キャンペーンでゲット,第３章のスクラッチでポイントをあつめる,あそび方詳細,/howto/details11/,3,2,
id5111,11,False,2022.01.20,ヘアスタイル,"ゆるやかウェーブ
",,ランクアップでゲット,プリマジスタランクが36になる,,,5,1,
id5112,12,False,2022.01.20,ヘアスタイル,"さらさらツインテール
",,ランクアップでゲット,プリマジスタランクが40になる,,,5,1,
id5213,13,False,2022.01.20,ヘアスタイル,くまさんボブ,,イベント・キャンペーンでゲット,第３章のスクラッチでポイントをあつめる,あそび方詳細,/howto/details11/,5,2,
id616,6,False,2022.01.20,まえがみ,おひめさまカット,,ランクアップでゲット,プリマジスタランクが33になる,,,6,1,
id7110,10,False,2022.01.20,アイカラー,チェリーキャンディ,,ランクアップでゲット,プリマジスタランクが35になる,,,7,1,
id7111,11,False,2022.01.20,アイカラー,"キャラメルオレンジ
",,ランクアップでゲット,プリマジスタランクが38になる,,,7,1,
id7212,12,False,2022.01.20,アイカラー,こいするショコラ,,イベント・キャンペーンでゲット,第３章のスクラッチでポイントをあつめる,あそび方詳細,/howto/details11/,7,2,
id812,2,False,2022.01.20,アイシャドウ,"ベビーブルー
",,ランクアップでゲット,プリマジスタランクが39になる,,,8,1,
id911,1,False,2022.01.20,めがね,"ひすればはな
",,ランクアップでゲット,プリマジスタランクが31になる,,,9,1,
id1011,1,False,2022.01.20,アクセント,トッピングハート,,ランクアップでゲット,プリマジスタランクが32になる,,,10,1,
id1323,3,False,2022.01.20,イヤリング,にこにこスマイル,,イベント・キャンペーンでゲット,第３章のスクラッチでポイントをあつめる,あそび方詳細,/howto/details11/,13,2,
id3219,19,False,2022.02.24,ヘアカラー,アクアバブル,,イベント・キャンペーンでゲット,"「メイクアップチャレンジ〜アクアエレメンツ〜」開催期間中にプリマジを5回プレイする
",イベント詳細ページ,/event/details25/,3,2,
id7213,13,False,2022.02.24,アイカラー,アクアなひとみ,,イベント・キャンペーンでゲット,"「メイクアップチャレンジ〜アクアエレメンツ〜」開催期間中にプリマジを20回プレイする
",イベント詳細ページ,/event/details25/,7,2,
id1123,3,False,2022.02.24,チーク,アクアティアーズ,,イベント・キャンペーンでゲット,"「メイクアップチャレンジ〜アクアエレメンツ〜」開催期間中にプリマジを15回プレイする
",イベント詳細ページ,/event/details25/,11,2,
id1424,4,False,2022.02.24,ネイル,アクアネイル,,イベント・キャンペーンでゲット,"「メイクアップチャレンジ〜アクアエレメンツ〜」開催期間中にプリマジを10回プレイする
",イベント詳細ページ,/event/details25/,14,2,
id3120,20,False,2022.03.17,ヘアカラー,"アイスカプチーノ
",,ランクアップでゲット,プリマジスタランクが42になる,,,3,1,
id3121,21,False,2022.03.17,ヘアカラー,"ジューシーオレンジ
",,ランクアップでゲット,プリマジスタランクが48になる,,,3,1,
id3222,22,False,2022.03.17,ヘアカラー,"
ゼリグレープー",,イベント・キャンペーンでゲット,第4章のスクラッチでポイントをあつめる,あそび方詳細,/howto/details11/,3,2,
id3223,23,False,2022.03.17,ヘアカラー,"ラピスラズリ",,イベント・キャンペーンでゲット,TVアニメ『ワッチャプリマジ！』キャラクターソングミニアルバム　PUMPING WACCHA! 01,,,3,2,
id5114,14,False,2022.03.17,ヘアスタイル,"ゆるまきテール
",,ランクアップでゲット,プリマジスタランクが43になる,,,5,1,
id5115,15,False,2022.03.17,ヘアスタイル,"くるりんハーフアップ
",,ランクアップでゲット,プリマジスタランクが50になる,,,5,1,
id617,7,False,2022.03.17,まえがみ,"エムじバング",,ランクアップでゲット,プリマジスタランクが46になる,,,6,1,
id628,8,False,2022.03.17,まえがみ,"オトナワンレン",,イベント・キャンペーンでゲット,第4章のスクラッチでポイントをあつめる,あそび方詳細,/howto/details11/,6,2,
id7114,14,False,2022.03.17,アイカラー,"ブルーベリースカッシュ
",,ランクアップでゲット,プリマジスタランクが45になる,,,7,1,
id7115,15,False,2022.03.17,アイカラー,"クラウディーライト",,ランクアップでゲット,プリマジスタランクが49になる,,,7,1,
id7216,16,False,2022.03.17,アイカラー,"サイバーグリーン
",,イベント・キャンペーンでゲット,第4章のスクラッチでポイントをあつめる,あそび方詳細,/howto/details11/,7,2,
id1114,4,False,2002.03.17,チーク,"はつらつキャロット",,ランクアップでゲット,プリマジスタランクが44になる,,,11,1,
id1222,2,False,2022.03.17,リップ,"ブルべピーチ
",,イベント・キャンペーンでゲット,第4章のスクラッチでポイントをあつめる,あそび方詳細,/howto/details11/,12,2,
id1314,4,False,2022.03.17,イヤリング,"ラブシュガー
",,ランクアップでゲット,プリマジスタランクが47になる,,,13,1,
id1325,5,False,2022.03.17,イヤリング,"キューティーハート
",,イベント・キャンペーンでゲット,"2022年3月発売「公式ファンブック第4章」
",イベント詳細ページ,/event/details28/,13,2,
id1415,5,False,2022.03.17,ネイル,"ラブリーピンク",,ランクアップでゲット,プリマジスタランクが41になる,,,14,1,
id1125,5,False,2002.03.17,チーク,スマイルチーク,,イベント・キャンペーンでゲット,フレンドランクが4になる,あそび方詳細,/howto/details14/,11,2,
id7217,17,False,2022.03.17,アイカラー,"フラワーブルー
",,イベント・キャンペーンでゲット,"2022年4月発売　「ワッチャプリマジ！ミニカードチャームガチャ」
",,,7,2,
id823,3,False,2022.03.17,アイシャドウ,スマイルラメ,,イベント・キャンペーンでゲット,フレンドランクが9になる,,,8,2,
id3224,24,False,2022.03.17,ヘアカラー,"フェアリーグリーン
",,イベント・キャンペーンでゲット,2022年4月発売　「ワッチャプリマジ！ミニカードチャームガチャ」,,,3,2,
id7218,18,False,2022.03.31,アイカラー,バカンスサンセット,,イベント・キャンペーンでゲット,"2022年5月発売「エイベックス
キャラソンCD　vol.2」",,,7,2,
id3225,25,False,2022.04.14,ヘアカラー,フラッシュサンダー,,イベント・キャンペーンでゲット,"「メイクアップチャレンジ〜フラッシュエレメンツ〜」開催期間中にプリマジを5回プレイする
",イベント詳細ページ,/event/details34/,3,2,
id1426,6,False,2022.04.17,ネイル,フラッシュネイル,,イベント・キャンペーンでゲット,"「メイクアップチャレンジ〜フラッシュエレメンツ〜」開催期間中にプリマジを10回プレイする
",イベント詳細ページ,/event/details34/,14,2,
id1326,6,False,2022.04.17,イヤリング,フラッシュイヤリング,,イベント・キャンペーンでゲット,"「メイクアップチャレンジ〜フラッシュエレメンツ〜」開催期間中にプリマジを15回プレイする
",イベント詳細ページ,/event/details34/,13,2,
id7219,19,False,2022.04.17,アイカラー,フラッシュなひとみ,,イベント・キャンペーンでゲット,"「メイクアップチャレンジ〜フラッシュエレメンツ〜」開催期間中にプリマジを20回プレイする
",イベント詳細,/event/details34/,7,2,
id3126,26,False,2022.05.26,ヘアカラー,レイニーグラス,,ランクアップでゲット,プリマジスタランクが53になる,,,3,1,
id3227,27,False,2022.05.26,ヘアカラー,クラウドブルー,,イベント・キャンペーンでゲット,第５章のスクラッチでポイントをあつめる,あそび方詳細,/howto/details11/,3,2,
id3128,28,False,2022.05.26,ヘアカラー,コーラルレッド,,ランクアップでゲット,プリマジスタランクが58になる,,,3,1,
id3129,29,False,2022.05.26,ヘアカラー,スマイルパープル,,ランクアップでゲット,フレンドランクが14になる,,,3,1,
id5116,16,False,2022.05.26,ヘアスタイル,たゆんみつあみ,,ランクアップでゲット,プリマジスタランクが56になる,,,5,1,
id5217,17,False,2022.05.26,ヘアスタイル,おおきめおだんご,,イベント・キャンペーンでゲット,第５章のスクラッチでポイントをあつめる,あそび方詳細,/howto/details11/,5,2,
id619,9,False,2022.05.26,まえがみ,ポンパドール,,ランクアップでゲット,プリマジスタランクが60になる,,,6,1,
id7122,22,False,2022.05.26,アイカラー,ゴールデンキャッツアイ,,ランクアップでゲット,プリマジスタランクが59になる,,,7,1,
id7223,23,False,2022.05.26,アイカラー,レモンスカイカラコン,,イベント・キャンペーンでゲット,"TVアニメ『ワッチャプリマジ！』キャラクターソングミニアルバム　PUMPING WACCHA! 03
キャラソンCD　vol.3",,,7,2,
id7224,24,False,2022.05.26,アイカラー,あじさいびより,,イベント・キャンペーンでゲット,第５章のスクラッチでポイントをあつめる,あそび方詳細,/howto/details11/,7,2,
id814,4,False,2022.05.26,アイシャドウ,くっきりレッドライン,,ランクアップでゲット,プリマジスタランクが52になる,,,8,1,
id1012,2,False,2022.05.26,アクセント,くちもとほくろ,,ランクアップでゲット,プリマジスタランク57になる,,,10,1,
id1213,3,False,2022.05.26,リップ,きらきらバーミリオン,,ランクアップでゲット,プリマジスタランクが55になる,,,12,1,
id1214,4,False,2022.05.26,リップ,スマイルリップ,,ランクアップでゲット,フレンドランクが18になる,,,12,1,
id1317,7,False,2022.05.26,イヤリング,びりびりおんぷ,,ランクアップでゲット,プリマジスタランクが51になる,,,13,1,
id1328,8,False,2022.05.26,イヤリング,リトルベアリボン,,イベント・キャンペーンでゲット,第5章のスクラッチでポイントをあつめる,あそび方詳細,/howto/details11/,13,2,
id1418,8,False,2022.05.26,ネイル,コーラルゴールド,,ランクアップでゲット,プリマジスタランクが54になる,,,14,1,
id7220,20,False,2022.06.30,アイカラー,ダークネスなひとみ,,イベント・キャンペーンでゲット,「メイクアップチャレンジ〜ダークネス＆ブライトネスエレメンツ〜」開催期間中にプリマジを20回プレイする,イベント詳細,/event/details49/,7,2,
id7221,21,False,2022.06.30,アイカラー,ブライトネスなひとみ,,イベント・キャンペーンでゲット,「メイクアップチャレンジ〜ダークネス＆ブライトネスエレメンツ〜」開催期間中にプリマジを10回プレイする,イベント詳細,/event/details49/,7,2,
id1023,3,False,2022.06.30,アクセント,ダークブライトアクセント,,イベント・キャンペーンでゲット,「メイクアップチャレンジ〜ダークネス＆ブライトネスエレメンツ〜」開催期間中にプリマジを15回プレイする,イベント詳細,/event/details49/,10,2,
id1329,9,False,2022.06.30,イヤリング,ダークブライトリング,,イベント・キャンペーンでゲット,「メイクアップチャレンジ〜ダークネス＆ブライトネスエレメンツ〜」開催期間中にプリマジを5回プレイする,イベント詳細,/event/details49/,13,2,
id3230,30,False,2022.07.28,ヘアカラー,サンシャインソレイユ,,イベント・キャンペーンでゲット,「メイクアップチャレンジ〜サンシャインエレメンツ〜」開催期間中にプリマジを5回プレイする,イベント詳細,/event/details57/,3,2,
id3131,31,False,2022.07.28,ヘアカラー,ベリーベリーピンク,,ランクアップでゲット,プリマジスタランクが69になる,,,3,1,
id3132,32,False,2022.07.28,ヘアカラー,シーサイドネイビー,,ランクアップでゲット,プリマジスタランクが62になる,,,3,1,
id3233,33,False,2022.07.28,ヘアカラー,ホワイトラビット,,イベント・キャンペーンでゲット,第6章のスクラッチでポイントをあつめる,あそび方詳細,/howto/details11/,3,2,
id5118,18,False,2022.07.28,ヘアスタイル,スイートハーフアップ,,ランクアップでゲット,プリマジスタランクが64になる,,,5,1,
id5119,19,False,2022.07.28,ヘアスタイル,ゆったりおさげ,,ランクアップでゲット,プリマジスタランクが70になる,,,5,1,
id6210,10,False,2022.07.28,まえがみ,さわやかナナメ,,イベント・キャンペーンでゲット,第6章のスクラッチでポイントをあつめる,あそび方詳細,/howto/details11/,6,2,
id7130,30,False,2022.07.28,アイカラー,スマイルフラワー,,ランクアップでゲット,フレンドランクが29になる,,,7,1,
id7126,26,False,2022.07.28,アイカラー,おまっちゃタイム,,ランクアップでゲット,プリマジスタランクが61になる,,,7,1,
id7125,25,False,2022.07.28,アイカラー,ほしぞらスター,,ランクアップでゲット,プリマジスタランクが67になる,,,7,1,
id7227,27,False,2022.07.28,アイカラー,はちみつテディベア,,イベント・キャンペーンでゲット,第6章のスクラッチでポイントをあつめる,あそび方詳細,/howto/details11/,7,2,
id7228,28,False,2022.07.28,アイカラー,サンシャインなひとみ,,イベント・キャンペーンでゲット,「メイクアップチャレンジ〜サンシャインエレメンツ〜」開催期間中にプリマジを20回プレイする,イベント詳細,/event/details57/,7,2,
id825,5,False,2022.07.28,アイシャドウ,なでしこスイート,,イベント・キャンペーンでゲット,第6章のスクラッチでポイントをあつめる,あそび方詳細,/howto/details11/,8,2,
id912,2,False,2022.07.28,めがね,ボストンメガネ,,ランクアップでゲット,プリマジスタランクが66になる,,,9,1,
id1126,6,False,2022.07.28,チーク,サンシャインゴージャス,,イベント・キャンペーンでゲット,「メイクアップチャレンジ〜サンシャインエレメンツ〜」開催期間中にプリマジを10回プレイする,イベント詳細,/event/details57/,11,2,
id1215,5,False,2022.07.28,リップ,うるつやブルー,,ランクアップでゲット,プリマジスタランクが65になる,,,12,1,
id1226,6,False,2022.07.28,リップ,ふっくらホットケーキ,,イベント・キャンペーンでゲット,第6章のスクラッチでポイントをあつめる,あそび方詳細,/howto/details11/,12,2,
id13110,10,False,2022.07.28,イヤリング,ランバスバイカラー,,ランクアップでゲット,プリマジスタランクが68になる,,,13,1,
id13211,11,False,2022.07.28,イヤリング,きらきらサンシャイン,,イベント・キャンペーンでゲット,第6章のスクラッチでポイントをあつめる,あそび方詳細,/howto/details11/,13,2,
id13112,12,False,2022.07.28,イヤリング,スマイルイヤリング,,ランクアップでゲット,フレンドランクが22になる,,,13,1,
id13213,13,False,2022.07.28,イヤリング,サンシャインルビー,,イベント・キャンペーンでゲット,「メイクアップチャレンジ〜サンシャインエレメンツ〜」開催期間中にプリマジを15回プレイする,イベント詳細,/event/details57/,13,2,
id1419,9,False,2022.07.28,ネイル,ラメブルーピンク,,ランクアップでゲット,プリマジスタランクが63になる,,,14,1,
id3234,34,False,2022.09.26,ヘアカラー,ラブキュート,,イベント・キャンペーンでゲット,「メイクアップチャレンジ〜ラブエレメンツ〜」開催期間中にプリマジを5回プレイする,イベント詳細,/event/details71/,3,2,
id7229,29,False,2022.09.26,アイカラー,ラブなひとみ,,イベント・キャンペーンでゲット,「メイクアップチャレンジ〜ラブエレメンツ〜」開催期間中にプリマジを20回プレイする,イベント詳細,/event/details71/,7,2,
id13214,14,False,2022.09.26,イヤリング,ラブクリスタル,,イベント・キャンペーンでゲット,「メイクアップチャレンジ〜ラブエレメンツ〜」開催期間中にプリマジを15回プレイする,イベント詳細,/event/details71/,13,2,
id14210,10,False,2022.09.26,ネイル,ラブオーロラネイル,,イベント・キャンペーンでゲット,「メイクアップチャレンジ〜ラブエレメンツ〜」開催期間中にプリマジを10回プレイする,イベント詳細,/event/details71/,14,2,
id3135,35,False,2022.10.19,ヘアカラー,デリシャスマンゴー,,ランクアップでゲット,プリマジスタランクが72になる,,,3,1,
id3336,36,False,2022.12.01,ヘアカラー,ロイヤルリリィ,,プレミアムプランでゲット,2023年1月〜プレミアムプランに追加,,,3,3,
id3137,37,False,2022.10.19,ヘアカラー,ハッピーライトブルー,,ランクアップでゲット,フレンドランクが35になる,,,3,1,
id3238,38,False,2022.12.03,ヘアカラー,シャドウナイト,,イベント・キャンペーンでゲット,スタジオ第1章・第2章スクラッチでポイントをあつめる,,,3,2,
id401,1,False,2022.10.19,メッシュ,ほそメッシュ,,さいしょにえらべる,,,,4,0,
id430,0,False,2022.10.19,メッシュ,グラデ,,プレミアムプランでゲット,"2022年11月〜 プレミアムプランに追加
※ヘアスタイルにより使用できない場合があります",,,4,3,
id5320,20,False,2022.10.19,ヘアスタイル,フラワープリンセス,,プレミアムプランでゲット,2022年11月〜プレミアムプランに追加,,,5,3,
id5221,21,False,2022.10.19,ヘアスタイル,ポップポップおだんご,,イベント・キャンペーンでゲット,スタジオ第1章・第2章スクラッチでポイントをあつめる,,,5,2,
id6311,11,False,2022.10.19,まえがみ,ハンサムセット,,プレミアムプランでゲット,2022年11月〜プレミアムプランに追加,,,6,3,
id6112,12,False,2022.10.19,まえがみ,うちまきスウィート,,ランクアップでゲット,プリマジスタランクが73になる,,,6,1,
id7230,30,False,2022.10.19,アイカラー,キラッとスカイ,,イベント・キャンペーンでゲット,スタジオ第1章・第2章スクラッチでポイントをあつめる,,,7,2,
id7332,32,False,2022.10.19,アイカラー,スノードーム,,プレミアムプランでゲット,2022年12月〜プレミアムプランに追加,,,7,3,
id826,6,False,2022.10.19,アイシャドウ,くっきりシックライン,,イベント・キャンペーンでゲット,スタジオ第1章・第2章スクラッチでポイントをあつめる,,,8,2,
id923,3,False,2022.10.19,めがね,トゥインクルサングラス,,イベント・キャンペーンでゲット,スタジオ第1章・第2章スクラッチでポイントをあつめる,,,9,2,
id1034,4,False,2022.10.19,アクセント,ポイントフラワー,,プレミアムプランでゲット,2022年11月〜プレミアムプランに追加,,,10,3,
id1025,5,False,2022.10.19,アクセント,ひなポップスター,,イベント・キャンペーンでゲット,プリマジ公式ファンブック スタジオ第1・2章,,,10,2,
id1117,7,False,2022.10.19,チーク,どきどきチーク,,ランクアップでゲット,プリマジスタランクが71になる,,,11,1,
id13315,15,False,2022.10.19,イヤリング,ポンポンイヤリング,,プレミアムプランでゲット,2022年12月〜プレミアムプランに追加,,,13,3,
id14211,11,False,2022.10.19,ネイル,ダークゴシック,,イベント・キャンペーンでゲット,スタジオ第1章・第2章スクラッチでポイントをあつめる,,,14,2,
id5122,22,False,2022.12.15,ヘアスタイル,ぴょんぴょんツインテール,,ランクアップでゲット,プリマジスタランクが76になる,,,5,1,
id6313,13,False,2022.12.15,まえがみ,ラフぱっつん,,プレミアムプランでゲット,2023年1月〜プレミアムプランに追加,,,6,3,
id1217,7,False,2022.12.15,リップ,ぷっくりオレンジ,,ランクアップでゲット,プリマジスタランクが74になる,,,12,1,
id13116,16,False,2022.12.15,イヤリング,レッドローズ,,ランクアップでゲット,プリマジスタランクが75になる,,,13,1,
id3242,42,False,2023.01.12,ヘアカラー,ウィッチローブ,,イベント・キャンペーンでゲット,スタジオ第3章・第4章スクラッチでポイントをあつめる,,,3,2,
id3143,43,False,2023.01.12,ヘアカラー,ローストアーモンド,,ランクアップでゲット,プリマジスタランクが78になる,,,3,1,
id432,2,False,2023.01.12,メッシュ,インナーカラー,,プレミアムプランでゲット,"2023年2月〜プレミアムプランに追加
※ヘアスタイルにより使用できない場合があります",,,4,3,
id5124,24,False,-,ヘアスタイル,ストレートサイドポニー,,ランクアップでゲット,プリマジスタランクが82になる,,,5,1,
id5325,25,False,2023.01.12,ヘアスタイル,オーロラプリンセス,,プレミアムプランでゲット,2023年2月〜プレミアムプランに追加,,,5,3,
id5226,26,False,2023.01.12,ヘアスタイル,すっきりショート,,イベント・キャンペーンでゲット,スタジオ第3章・第4章スクラッチでポイントをあつめる,,,5,2,
id6115,15,False,2023.01.12,まえがみ,くるりんエスじバング,,ランクアップでゲット,プリマジスタランクが79になる,,,6,1,
id6316,16,False,2023.02.22,まえがみ,なだらかサイドパート,,プレミアムプランでゲット,2023年4月〜プレミアムプランに追加,,,6,3,
id7235,35,False,2023.01.12,アイカラー,ハツラツいちばんぼし,,イベント・キャンペーンでゲット,スタジオ第3章・第4章スクラッチでポイントをあつめる,,,7,2,
id7136,36,False,2023.02.22,アイカラー,フラメンコオーレ,,ランクアップでゲット,プリマジスタランクが81になる,,,7,1,
id7337,37,False,2023.02.16,アイカラー,オーロラロゼッタ,,プレミアムプランでゲット,2023年3月〜プレミアムプランに追加,,,7,3,
id7238,38,False,2023.02.27,アイカラー,まよなかのクレッセントムーン,,イベント・キャンペーンでゲット,スタジオ第3章・第4章スクラッチでポイントをあつめる,,,7,2,
id7240,40,False,2023.01.12,アイカラー,みるきアイ,,イベント・キャンペーンでゲット,プリマジ公式ファンブック スタジオ第3・4章,,,7,2,
id819,9,False,2023.01.12,アイシャドウ,ハッピーラメ,,ランクアップでゲット,フレンドランクが39になる,,,8,1,
id818,8,False,2023.02.22,アイシャドウ,いたずらフェアリー,,ランクアップでゲット,プリマジスタランクが80になる,,,8,1,
id935,5,False,2023.02.16,めがね,シャープモノクル,,プレミアムプランでゲット,2023年3月〜プレミアムプランに追加,,,9,3,
id1037,7,False,2023.02.22,アクセント,ラブメッセージ,,プレミアムプランでゲット,2023年4月〜プレミアムプランに追加,,,10,3,
id11210,10,False,2023.01.12,チーク,マシュマロピーチ,,イベント・キャンペーンでゲット,スタジオ第3章・第4章スクラッチでポイントをあつめる,,,11,2,
id1219,9,False,2023.01.12,リップ,マジックスペル,,ランクアップでゲット,プリマジスタランクが77になる,,,12,1,
id13217,17,False,2023.02.27,イヤリング,ゴールドクレッセントムーン,,イベント・キャンペーンでゲット,スタジオ第3章・第4章スクラッチでポイントをあつめる,,,13,2,
id1439,9,False,2023.01.12,ネイル,はるめきイエロー,,プレミアムプランでゲット,2023年2月〜プレミアムプランに追加,,,14,3,
id3240,40,False,2023.04.13,ヘアカラー,ストロベリームース,,イベント・キャンペーンでゲット,スタジオ第5章・第6章スクラッチ(〜7月5日）でポイントをあつめる,,,3,2,
id3144,44,False,2023.04.13,ヘアカラー,くもまのプラネタリウム,,ランクアップでゲット,プリマジスタランクが84になる,,,3,1,
id3345,45,False,2023.04.13,ヘアカラー,マロンモンブラン,,プレミアムプランでゲット,2023年5月〜プレミアムプランに追加,,,3,3,
id3146,46,False,2023.5.25,ヘアカラー,アメジストジェム,,ランクアップでゲット,プリマジスタランクが87になる,,,3,1,
id3248,48,False,2023.5.22,ヘアカラー,フレッシュわかば,,イベント・キャンペーンでゲット,スタジオ第5章・第6章スクラッチ(〜7月5日）でポイントをあつめる,,,3,2,
id433,3,False,2023.04.13,メッシュ,ツートン,,プレミアムプランでゲット,2023年5月〜プレミアムプランに追加,,,4,3,
id5327,27,False,2023.04.13,ヘアスタイル,シンフォニープリンセス,,プレミアムプランでゲット,2023年5月〜プレミアムプランに追加,,,5,3,
id5228,28,False,2023.04.13,ヘアスタイル,ぴょっこりハーフツイン,,イベント・キャンペーンでゲット,スタジオ第5章・第6章スクラッチ(〜7月5日）でポイントをあつめる,,,5,2,
id5129,29,False,2023.04.13,ヘアスタイル,ホイップおさげ,,ランクアップでゲット,プリマジスタランクが85になる,,,5,1,
id6117,17,False,2023.5.25,まえがみ,こなれセンターパート,,ランクアップでゲット,プリマジスタランクが88になる,,,6,1,
id6318,18,False,2023.5.25,まえがみ,おじょうさまウェーブ,,プレミアムプランでゲット,2023年7月〜プレミアムプランに追加,,,6,3,
id7234,34,False,2023.04.13,アイカラー,こいするラズベリー,,イベント・キャンペーンでゲット,スタジオ第5章・第6章スクラッチ(〜7月5日）でポイントをあつめる,,,7,2,
id7341,41,False,2023.05.18,アイカラー,レインボーアイ,,プレミアムプランでゲット,2023年6月〜プレミアムプランに追加,,,7,3,
id7243,43,False,2023.5.22,アイカラー,しあわせクローバー,,イベント・キャンペーンでゲット,スタジオ第5章・第6章スクラッチ(〜7月5日）でポイントをあつめる,,,7,2,
id7244,44,False,2023.04.13,アイカラー,きゃろんアイ,,イベント・キャンペーンでゲット,"ワッチャプリマジ！スタジオ公式ファンブック
スタジオ第5・6章",,,7,2,
id8110,10,False,2023.05.25,アイシャドウ,アップルジャム,,ランクアップでゲット,プリマジスタランクが86になる,,,8,1,
id936,6,False,2023.06.15,めがね,ローズアイパッチ,,プレミアムプランでゲット,2023年7月〜プレミアムプランに追加,,,9,3,
id13320,20,False,2023.05.18,イヤリング,にんぎょのなみだ,,プレミアムプランでゲット,2023年6月〜プレミアムプランに追加,,,13,3,
id13121,21,False,2023.04.13,イヤリング,ハッピーイヤリング,,ランクアップでゲット,フレンドランクが44になる,,,13,1,
id14116,16,False,2023.04.13,ネイル,ゆめかわスター,,ランクアップでゲット,プリマジスタランクが83になる,,,14,1,
id12210,10,False,2023.04.13,リップ,ヴァンパイアキス,,イベント・キャンペーンでゲット,スタジオ第5章・第6章スクラッチ(〜7月5日）でポイントをあつめる,,,12,2,
id3254,54,False,2023.07.13,ヘアカラー,ウルトラマリン,,イベント・キャンペーンでゲット,スタジオ第7章・第8章スクラッチ(〜10月4日）でポイントをあつめる,,,3,2,
id3155,55,False,2023.07.13,ヘアカラー,リフレッシュリーフ,,ランクアップでゲット,プリマジスタランクが90になる,,,3,1,
id3156,56,False,2023.08.24,ヘアカラー,スチールメタル,,ランクアップでゲット,プリマジスタランクが93になる,,,3,1,
id3357,57,False,2023.08.24,ヘアカラー,スノーウィンター,,プレミアムプランでゲット,2023年9月〜プレミアムプランに追加,,,3,3,
id5330,30,False,2023.07.20,ヘアスタイル,ドーリープリンセス,,プレミアムプランでゲット,2023年8月〜プレミアムプランに追加,,,5,3,
id5231,31,False,2023.07.13,ヘアスタイル,かろやかみつあみロング,,イベント・キャンペーンでゲット,スタジオ第7章・第8章スクラッチ(〜10月4日）でポイントをあつめる,,,5,2,
id5132,32,False,2023.08.24,ヘアスタイル,シンフォニープリンセススマート,,ランクアップでゲット,プリマジスタランクが95になる,,,5,1,
id6119,19,False,2023.07.13,まえがみ,ぱっつんウルフ,,ランクアップでゲット,プリマジスタランクが91になる,,,6,1,
id6320,20,False,2023.08.24,まえがみ,ショートベイビィ,,プレミアムプランでゲット,2023年9月〜プレミアムプランに追加,,,6,3,
id7239,39,False,2023.07.13,アイカラー,よあけのルミナススター,,イベント・キャンペーンでゲット,スタジオ第7章・第8章スクラッチ(〜10月4日）でポイントをあつめる,,,7,2,
id7248,48,False,2023.07.13,アイカラー,ひめめアイ,,イベント・キャンペーンでゲット,プリマジ公式ファンブック スタジオ第7・8章,,,7,2,
id7149,49,False,2023.07.13,アイカラー,ハッピーアイ,,ランクアップでゲット,フレンドランクが49になる,,,7,1,
id7250,50,False,2023.07.20,アイカラー,ジェニー　アイ,,イベント・キャンペーンでゲット,#Liccaコラボ第2弾,,,7,2,
id7351,51,False,2023.09.21,アイカラー,ぱたのアイ,,プレミアムプランでゲット,2023年10月〜プレミアムプランに追加,,,7,3,
id8312,12,False,2023.07.20,アイシャドウ,ひめめラメ,,プレミアムプランでゲット,2023年8月〜プレミアムプランに追加,,,8,3,
id11111,11,False,2023.08.24,チーク,クリスタルジェム,,ランクアップでゲット,プリマジスタランクが92になる,,,11,1,
id11312,12,False,2023.09.21,チーク,ハロウィンパーティー,,プレミアムプランでゲット,2023年10月〜プレミアムプランに追加,,,11,3,
id12112,12,False,2023.08.24,リップ,はつこいリップ,,ランクアップでゲット,プリマジスタランクが94になる,,,12,1,
id13222,22,False,2023.07.20,イヤリング,ジェニー　イヤリング,,イベント・キャンペーンでゲット,#Liccaコラボ第2弾,,,13,2,
id14117,17,False,2023.07.13,ネイル,マシュマロフレーバー,,ランクアップでゲット,プリマジスタランクが89になる,,,14,1,
id14142,42,False,2023.08.24,アイカラー,フラワースプリング,,イベント・キャンペーンでゲット,スタジオ第7章・第8章スクラッチ(8月31日〜10月4日）でポイントをあつめる,,,7,2,
id14147,47,False,2023.08.24,ヘアカラー,さくらもちピンク,,イベント・キャンペーンでゲット,スタジオ第7章・第8章スクラッチ(8月31日〜10月4日）でポイントをあつめる,,,3,2,
id13218,18,False,2023.07.13,イヤリング,ルミナススターダスト,,イベント・キャンペーンでゲット,スタジオ第7章・第8章スクラッチ(〜10月4日）でポイントをあつめる,,,13,2,
id3249,49,True,2023.10.12,ヘアカラー,みゃむライトブルー,,イベント・キャンペーンでゲット,スタジオ第9章スクラッチ(〜12月6日）でポイントをあつめる,,,3,2,
id3251,51,True,2023.10.12,ヘアカラー,はにたんイエロー,,イベント・キャンペーンでゲット,スタジオ第9章スクラッチ(〜12月6日）でポイントをあつめる,,,3,2,
id3252,52,True,2023.10.12,ヘアカラー,きゃろんパープル,,イベント・キャンペーンでゲット,スタジオ第9章スクラッチ(〜12月6日）でポイントをあつめる,,,3,2,
id5333,33,True,2023.10.12,ヘアスタイル,ハートハーフツイン,,プレミアムプランでゲット,2023年11月〜プレミアムプランに追加,,,5,3,
id6321,21,True,2023.10.12,まえがみ,ロングカーテン,,プレミアムプランでゲット,2023年12月〜プレミアムプランに追加,,,6,3,
id7245,45,True,2023.10.12,アイカラー,みゃむアイ,,イベント・キャンペーンでゲット,スタジオ第9章スクラッチ(〜12月6日）でポイントをあつめる,,,7,2,
id7247,47,True,2023.10.12,アイカラー,はにたんアイ,,イベント・キャンペーンでゲット,スタジオ第9章スクラッチ(〜12月6日）でポイントをあつめる,,,7,2,
id7352,52,True,2023.12.14,アイカラー,アイビードール,,プレミアムプランでゲット,2023年11月〜プレミアムプランに追加,,,7,3,
id8211,11,True,2023.10.12,アイシャドウ,くっきりきゃろんライン,,イベント・キャンペーンでゲット,スタジオ第9章スクラッチ(〜12月6日）でポイントをあつめる,,,8,2,
id12313,13,True,2023.10.12,リップ,パッションマゼンタ,,プレミアムプランでゲット,2023年12月〜プレミアムプランに追加,,,12,3,
